quantity,discount,list_price,month,quarter,day_of_week,year,store_name,category_name,state,order_status,order_date,actual_revenue,predicted_revenue
2,0.1,4999.99,1,1,0,2018,Santa Cruz Bikes,Road Bikes,CA,4,2018-01-15,8999.98,8920.779999999988
1,0.05,5499.99,1,1,0,2018,Santa Cruz Bikes,Road Bikes,CA,4,2018-01-15,5224.99,5185.489999999993
1,0.05,4999.99,1,1,0,2018,Santa Cruz Bikes,Electric Bikes,CA,4,2018-01-15,4749.99,4697.239999999994
1,0.05,749.99,1,1,0,2018,Santa Cruz Bikes,Road Bikes,CA,4,2018-01-15,712.49,712.4899999999999
2,0.07,5299.99,1,1,0,2018,Santa Cruz Bikes,Mountain Bikes,CA,4,2018-01-15,9857.98,9951.179999999988
2,0.07,4999.99,1,1,0,2018,Baldwin Bikes,Electric Bikes,NY,4,2018-01-15,9299.98,9169.779999999988
2,0.2,279.99,1,1,1,2018,Baldwin Bikes,Children Bicycles,NY,4,2018-01-16,447.98,431.98000000000053
1,0.1,1499.99,1,1,1,2018,Baldwin Bikes,Mountain Bikes,NY,4,2018-01-16,1349.99,1358.6400000000017
1,0.2,1799.99,1,1,1,2018,Baldwin Bikes,Mountain Bikes,NY,4,2018-01-16,1439.99,1444.790000000001
2,0.1,875.99,1,1,1,2018,Baldwin Bikes,Road Bikes,NY,4,2018-01-16,1576.78,1585.6443999999995
2,0.1,279.99,1,1,1,2018,Baldwin Bikes,Children Bicycles,NY,4,2018-01-16,503.98,485.9800000000008
2,0.2,149.99,1,1,1,2018,Baldwin Bikes,Children Bicycles,NY,4,2018-01-16,239.98,240.66999999999965
1,0.05,489.99,1,1,1,2018,Baldwin Bikes,Children Bicycles,NY,4,2018-01-16,465.49,465.48999999999995
1,0.2,799.99,1,1,2,2018,Baldwin Bikes,Comfort Bicycles,NY,4,2018-01-17,639.99,641.6939999999994
2,0.05,149.99,1,1,2,2018,Baldwin Bikes,Children Bicycles,NY,4,2018-01-17,284.98,283.95999999999964
1,0.07,639.99,1,1,2,2018,Baldwin Bikes,Cruisers Bicycles,NY,4,2018-01-17,595.19,604.4587999999992
2,0.05,416.99,1,1,2,2018,Baldwin Bikes,Comfort Bicycles,NY,4,2018-01-17,792.28,792.2799999999992
2,0.1,2999.99,1,1,4,2018,Baldwin Bikes,Electric Bikes,NY,4,2018-01-19,5399.98,5406.779999999993
1,0.05,2599.99,1,1,4,2018,Baldwin Bikes,Electric Bikes,NY,4,2018-01-19,2469.99,2452.729999999997
2,0.1,449.99,1,1,4,2018,Baldwin Bikes,Comfort Bicycles,NY,4,2018-01-19,809.98,809.9622000000003
2,0.1,319.99,1,1,4,2018,Baldwin Bikes,Children Bicycles,NY,4,2018-01-19,575.98,571.4800000000012
1,0.07,2599.99,1,1,4,2018,Baldwin Bikes,Cruisers Bicycles,NY,4,2018-01-19,2417.99,2427.589999999997
1,0.1,279.99,1,1,4,2018,Baldwin Bikes,Children Bicycles,NY,4,2018-01-19,251.99,250.64000000000044
2,0.07,749.99,1,1,4,2018,Santa Cruz Bikes,Road Bikes,CA,4,2018-01-19,1394.98,1385.4763999999996
1,0.2,7499.99,1,1,4,2018,Baldwin Bikes,Road Bikes,NY,4,2018-01-19,5999.99,5547.239999999994
2,0.2,1799.99,1,1,5,2018,Baldwin Bikes,Road Bikes,NY,4,2018-01-20,2879.98,3021.5480000000007
1,0.2,1559.99,1,1,5,2018,Baldwin Bikes,Electric Bikes,NY,4,2018-01-20,1247.99,1246.5117000000012
1,0.2,919.99,1,1,5,2018,Baldwin Bikes,Mountain Bikes,NY,4,2018-01-20,735.99,746.9180000000001
2,0.2,899.99,1,1,6,2018,Santa Cruz Bikes,Cruisers Bicycles,CA,4,2018-01-21,1439.98,1558.5080000000003
1,0.05,279.99,1,1,6,2018,Rowlett Bikes,Children Bicycles,TX,4,2018-01-21,265.99,256.49000000000046
1,0.05,659.99,1,1,6,2018,Rowlett Bikes,Cruisers Bicycles,TX,4,2018-01-21,626.99,625.0387999999994
2,0.2,1349.0,1,1,0,2018,Baldwin Bikes,Road Bikes,NY,4,2018-01-22,2158.4,2043.7719999999986
1,0.05,4999.99,1,1,0,2018,Baldwin Bikes,Road Bikes,NY,4,2018-01-22,4749.99,4691.989999999994
2,0.07,749.99,1,1,0,2018,Baldwin Bikes,Comfort Bicycles,NY,4,2018-01-22,1394.98,1383.1827999999994
1,0.05,1632.99,1,1,0,2018,Baldwin Bikes,Mountain Bikes,NY,4,2018-01-22,1551.34,1543.6836
2,0.2,999.99,1,1,1,2018,Baldwin Bikes,Mountain Bikes,NY,4,2018-01-23,1599.98,1599.980000000001
2,0.07,3599.99,1,1,1,2018,Baldwin Bikes,Electric Bikes,NY,4,2018-01-23,6695.98,6512.779999999991
2,0.2,2899.99,1,1,1,2018,Baldwin Bikes,Mountain Bikes,NY,4,2018-01-23,4639.98,4639.979999999994
2,0.1,250.99,1,1,2,2018,Baldwin Bikes,Cruisers Bicycles,NY,4,2018-01-24,451.78,451.58199999999954
1,0.07,647.99,1,1,3,2018,Baldwin Bikes,Cruisers Bicycles,NY,4,2018-01-25,602.63,604.3471999999992
2,0.1,11999.99,1,1,3,2018,Baldwin Bikes,Road Bikes,NY,4,2018-01-25,21599.98,11785.779999999988
1,0.1,2499.99,1,1,3,2018,Baldwin Bikes,Road Bikes,NY,4,2018-01-25,2249.99,2302.849999999997
1,0.07,470.99,1,1,3,2018,Baldwin Bikes,Comfort Bicycles,NY,4,2018-01-25,438.02,437.9920999999995
1,0.07,1549.99,1,1,3,2018,Baldwin Bikes,Road Bikes,NY,4,2018-01-25,1441.49,1444.1187000000014
1,0.07,4999.99,1,1,3,2018,Baldwin Bikes,Road Bikes,NY,4,2018-01-25,4649.99,4626.989999999994
1,0.05,749.99,1,1,3,2018,Baldwin Bikes,Cruisers Bicycles,NY,4,2018-01-25,712.49,712.6039999999998
1,0.1,3199.99,1,1,4,2018,Baldwin Bikes,Mountain Bikes,NY,4,2018-01-26,2879.99,2869.029999999996
2,0.2,1899.0,1,1,4,2018,Baldwin Bikes,Mountain Bikes,NY,4,2018-01-26,3038.4,2927.9800000000023
1,0.07,3499.99,1,1,4,2018,Baldwin Bikes,Electric Bikes,NY,4,2018-01-26,3254.99,3240.6899999999955
1,0.2,4499.99,1,1,5,2018,Baldwin Bikes,Electric Bikes,NY,4,2018-01-27,3599.99,3644.789999999995
2,0.07,489.99,1,1,5,2018,Baldwin Bikes,Mountain Bikes,NY,4,2018-01-27,911.38,911.1296000000003
1,0.1,250.99,1,1,5,2018,Baldwin Bikes,Cruisers Bicycles,NY,4,2018-01-27,225.89,225.9652999999997
2,0.2,2599.0,1,1,5,2018,Santa Cruz Bikes,Mountain Bikes,CA,4,2018-01-27,4158.4,4110.379999999996
1,0.07,1499.0,1,1,5,2018,Santa Cruz Bikes,Mountain Bikes,CA,4,2018-01-27,1394.07,1392.2930000000006
1,0.1,1499.99,1,1,5,2018,Santa Cruz Bikes,Mountain Bikes,CA,4,2018-01-27,1349.99,1352.0610000000015
2,0.05,549.99,1,1,5,2018,Santa Cruz Bikes,Comfort Bicycles,CA,4,2018-01-27,1044.98,1045.0179999999993
2,0.05,269.99,1,1,6,2018,Baldwin Bikes,Cruisers Bicycles,NY,4,2018-01-28,512.98,512.9800000000009
1,0.07,3999.99,1,1,6,2018,Baldwin Bikes,Mountain Bikes,NY,4,2018-01-28,3719.99,3719.989999999995
2,0.1,209.99,1,1,6,2018,Baldwin Bikes,Children Bicycles,NY,4,2018-01-28,377.98,378.30400000000014
2,0.2,1799.99,1,1,6,2018,Baldwin Bikes,Cyclocross Bicycles,NY,4,2018-01-28,2879.98,2912.4600000000005
1,0.1,1499.99,1,1,6,2018,Baldwin Bikes,Mountain Bikes,NY,4,2018-01-28,1349.99,1357.7969000000019
1,0.1,3499.99,1,1,0,2018,Rowlett Bikes,Cyclocross Bicycles,TX,4,2018-01-29,3149.99,3125.1899999999955
2,0.2,319.99,1,1,0,2018,Baldwin Bikes,Children Bicycles,NY,4,2018-01-29,511.98,518.540000000001
2,0.2,1799.99,1,1,0,2018,Baldwin Bikes,Mountain Bikes,NY,4,2018-01-29,2879.98,2927.9800000000023
2,0.07,529.99,1,1,0,2018,Baldwin Bikes,Cruisers Bicycles,NY,4,2018-01-29,985.78,986.7099999999995
1,0.07,749.99,1,1,0,2018,Baldwin Bikes,Comfort Bicycles,NY,4,2018-01-29,697.49,697.4899999999997
2,0.05,2199.99,1,1,1,2018,Santa Cruz Bikes,Road Bikes,CA,4,2018-01-30,4179.98,4254.189999999995
2,0.07,919.99,1,1,1,2018,Santa Cruz Bikes,Mountain Bikes,CA,4,2018-01-30,1711.18,1720.3467999999991
2,0.05,1799.99,1,1,1,2018,Rowlett Bikes,Road Bikes,TX,4,2018-01-30,3419.98,3470.139999999999
1,0.2,2499.99,1,1,1,2018,Rowlett Bikes,Road Bikes,TX,4,2018-01-30,1999.99,2048.789999999998
2,0.07,3499.99,2,1,3,2018,Baldwin Bikes,Electric Bikes,NY,4,2018-02-01,6509.98,6512.779999999991
1,0.07,1499.99,2,1,3,2018,Baldwin Bikes,Road Bikes,NY,4,2018-02-01,1394.99,1397.8940000000014
1,0.07,1320.99,2,1,3,2018,Santa Cruz Bikes,Mountain Bikes,CA,4,2018-02-01,1228.52,1228.5200000000011
2,0.05,4999.99,2,1,3,2018,Baldwin Bikes,Road Bikes,NY,4,2018-02-01,9499.98,9488.679999999988
1,0.05,919.99,2,1,3,2018,Baldwin Bikes,Mountain Bikes,NY,4,2018-02-01,873.99,862.1478000000008
2,0.07,349.99,2,1,4,2018,Santa Cruz Bikes,Children Bicycles,CA,4,2018-02-02,650.98,650.7940000000013
2,0.07,3199.99,2,1,4,2018,Santa Cruz Bikes,Mountain Bikes,CA,4,2018-02-02,5951.98,6067.9799999999905
2,0.2,749.99,2,1,4,2018,Santa Cruz Bikes,Mountain Bikes,CA,4,2018-02-02,1199.98,1198.731999999999
1,0.07,470.99,2,1,4,2018,Santa Cruz Bikes,Comfort Bicycles,CA,4,2018-02-02,438.02,437.9920999999995
2,0.2,919.99,2,1,4,2018,Santa Cruz Bikes,Mountain Bikes,CA,4,2018-02-02,1471.98,1571.0520000000004
1,0.1,529.99,2,1,4,2018,Baldwin Bikes,Cruisers Bicycles,NY,4,2018-02-02,476.99,477.43999999999977
1,0.1,999.99,2,1,4,2018,Baldwin Bikes,Mountain Bikes,NY,4,2018-02-02,899.99,895.9400000000009
2,0.1,89.99,2,1,4,2018,Baldwin Bikes,Children Bicycles,NY,4,2018-02-02,161.98,193.68999999999977
2,0.1,899.99,2,1,0,2018,Santa Cruz Bikes,Cruisers Bicycles,CA,4,2018-02-05,1619.98,1637.8132000000007
2,0.07,429.99,2,1,0,2018,Santa Cruz Bikes,Cruisers Bicycles,CA,4,2018-02-05,799.78,800.804000000001
2,0.2,229.99,2,1,0,2018,Baldwin Bikes,Children Bicycles,NY,4,2018-02-05,367.98,335.97999999999973
2,0.1,899.99,2,1,0,2018,Baldwin Bikes,Cruisers Bicycles,NY,4,2018-02-05,1619.98,1637.4628000000005
1,0.2,749.99,2,1,1,2018,Baldwin Bikes,Cruisers Bicycles,NY,4,2018-02-06,599.99,600.5819999999994
1,0.07,1499.99,2,1,1,2018,Baldwin Bikes,Mountain Bikes,NY,4,2018-02-06,1394.99,1396.1150000000011
1,0.2,479.99,2,1,1,2018,Baldwin Bikes,Cruisers Bicycles,NY,4,2018-02-06,383.99,384.51000000000005
2,0.05,1099.99,2,1,1,2018,Baldwin Bikes,Cruisers Bicycles,NY,4,2018-02-06,2089.98,2090.6300000000033
1,0.1,959.99,2,1,1,2018,Baldwin Bikes,Cruisers Bicycles,NY,4,2018-02-06,863.99,858.0916000000004
2,0.2,3499.99,2,1,2,2018,Santa Cruz Bikes,Electric Bikes,CA,4,2018-02-07,5599.98,5585.579999999992
2,0.05,346.99,2,1,2,2018,Santa Cruz Bikes,Cruisers Bicycles,CA,4,2018-02-07,659.28,658.6573999999996
1,0.07,469.99,2,1,3,2018,Baldwin Bikes,Mountain Bikes,NY,4,2018-02-08,437.09,437.0899999999992
2,0.1,3199.99,2,1,3,2018,Baldwin Bikes,Mountain Bikes,NY,4,2018-02-08,5759.98,5858.979999999992
1,0.1,209.99,2,1,3,2018,Baldwin Bikes,Children Bicycles,NY,4,2018-02-08,188.99,188.99000000000007
1,0.05,349.99,2,1,3,2018,Baldwin Bikes,Children Bicycles,NY,4,2018-02-08,332.49,332.0840000000007
2,0.05,549.99,2,1,3,2018,Rowlett Bikes,Comfort Bicycles,TX,4,2018-02-08,1044.98,1045.0179999999993
1,0.07,1799.99,2,1,3,2018,Rowlett Bikes,Road Bikes,TX,4,2018-02-08,1673.99,1704.0899999999997
2,0.1,1499.99,2,1,3,2018,Rowlett Bikes,Mountain Bikes,TX,4,2018-02-08,2699.98,2699.3326000000043
1,0.05,1499.99,2,1,3,2018,Rowlett Bikes,Mountain Bikes,TX,4,2018-02-08,1424.99,1414.493000000001
1,0.1,2999.99,2,1,4,2018,Baldwin Bikes,Cruisers Bicycles,NY,4,2018-02-09,2699.99,2696.4499999999966
1,0.07,4499.99,2,1,4,2018,Santa Cruz Bikes,Road Bikes,CA,4,2018-02-09,4184.99,4097.239999999994
1,0.1,449.99,2,1,4,2018,Baldwin Bikes,Comfort Bicycles,NY,4,2018-02-09,404.99,404.99000000000024
1,0.1,249.99,2,1,4,2018,Santa Cruz Bikes,Children Bicycles,CA,4,2018-02-09,224.99,225.13730000000024
1,0.2,369.99,2,1,4,2018,Santa Cruz Bikes,Children Bicycles,CA,4,2018-02-09,295.99,300.27000000000044
1,0.1,899.99,2,1,4,2018,Santa Cruz Bikes,Comfort Bicycles,CA,4,2018-02-09,809.99,820.1510000000002
2,0.1,329.99,2,1,6,2018,Baldwin Bikes,Children Bicycles,NY,4,2018-02-11,593.98,573.8200000000012
2,0.05,3199.99,2,1,6,2018,Baldwin Bikes,Road Bikes,NY,4,2018-02-11,6079.98,6038.679999999992
1,0.07,319.99,2,1,6,2018,Baldwin Bikes,Cruisers Bicycles,NY,4,2018-02-11,297.59,303.5840000000003
2,0.1,1799.99,2,1,0,2018,Baldwin Bikes,Road Bikes,NY,4,2018-02-12,3239.98,3308.78
1,0.05,481.99,2,1,0,2018,Baldwin Bikes,Comfort Bicycles,NY,4,2018-02-12,457.89,457.74749999999966
1,0.1,899.99,2,1,0,2018,Baldwin Bikes,Comfort Bicycles,NY,4,2018-02-12,809.99,820.8444000000004
2,0.05,1469.99,2,1,0,2018,Baldwin Bikes,Mountain Bikes,NY,4,2018-02-12,2792.98,2792.842000000003
2,0.05,999.99,2,1,0,2018,Baldwin Bikes,Mountain Bikes,NY,4,2018-02-12,1899.98,1841.9600000000014
2,0.07,529.99,2,1,1,2018,Baldwin Bikes,Cruisers Bicycles,NY,4,2018-02-13,985.78,986.7099999999995
2,0.2,319.99,2,1,1,2018,Baldwin Bikes,Children Bicycles,NY,4,2018-02-13,511.98,518.540000000001
1,0.2,369.99,2,1,1,2018,Baldwin Bikes,Children Bicycles,NY,4,2018-02-13,295.99,300.08600000000047
2,0.2,189.99,2,1,1,2018,Baldwin Bikes,Children Bicycles,NY,4,2018-02-13,303.98,304.61999999999966
2,0.05,899.99,2,1,1,2018,Baldwin Bikes,Cruisers Bicycles,NY,4,2018-02-13,1709.98,1706.083200000001
2,0.05,2499.99,2,1,2,2018,Rowlett Bikes,Road Bikes,TX,4,2018-02-14,4749.98,4775.449999999993
2,0.05,5299.99,2,1,2,2018,Baldwin Bikes,Mountain Bikes,NY,4,2018-02-14,10069.98,10084.659999999987
2,0.05,159.99,2,1,2,2018,Baldwin Bikes,Children Bicycles,NY,4,2018-02-14,303.98,283.95999999999964
1,0.07,209.99,2,1,2,2018,Baldwin Bikes,Children Bicycles,NY,4,2018-02-14,195.29,195.2900000000005
1,0.07,659.99,2,1,2,2018,Baldwin Bikes,Cruisers Bicycles,NY,4,2018-02-14,613.79,612.3092000000004
1,0.2,3599.99,2,1,3,2018,Santa Cruz Bikes,Electric Bikes,CA,4,2018-02-15,2879.99,2799.989999999996
2,0.1,1499.99,2,1,3,2018,Santa Cruz Bikes,Road Bikes,CA,4,2018-02-15,2699.98,2702.122200000004
2,0.2,919.99,2,1,3,2018,Santa Cruz Bikes,Road Bikes,CA,4,2018-02-15,1471.98,1582.1560000000004
1,0.1,679.99,2,1,3,2018,Santa Cruz Bikes,Cruisers Bicycles,CA,4,2018-02-15,611.99,587.0780000000003
1,0.05,1999.99,2,1,3,2018,Baldwin Bikes,Road Bikes,NY,4,2018-02-15,1899.99,1909.1399999999985
1,0.2,2199.99,2,1,3,2018,Baldwin Bikes,Road Bikes,NY,4,2018-02-15,1759.99,1878.689999999999
2,0.1,469.99,2,1,3,2018,Baldwin Bikes,Mountain Bikes,NY,4,2018-02-15,845.98,846.1960000000003
1,0.07,2999.99,2,1,3,2018,Baldwin Bikes,Mountain Bikes,NY,4,2018-02-15,2789.99,2778.769999999996
1,0.05,3999.99,2,1,3,2018,Baldwin Bikes,Mountain Bikes,NY,4,2018-02-15,3799.99,3799.989999999995
1,0.05,749.99,2,1,3,2018,Baldwin Bikes,Cruisers Bicycles,NY,4,2018-02-15,712.49,712.6039999999998
2,0.1,647.99,2,1,3,2018,Baldwin Bikes,Cruisers Bicycles,NY,4,2018-02-15,1166.38,1191.84
1,0.05,479.99,2,1,4,2018,Baldwin Bikes,Cruisers Bicycles,NY,4,2018-02-16,455.99,457.42449999999974
2,0.2,1549.0,2,1,4,2018,Baldwin Bikes,Cyclocross Bicycles,NY,4,2018-02-16,2478.4,2478.575799999996
1,0.05,2499.99,2,1,4,2018,Baldwin Bikes,Mountain Bikes,NY,4,2018-02-16,2374.99,2361.649999999997
2,0.05,416.99,2,1,4,2018,Santa Cruz Bikes,Cruisers Bicycles,CA,4,2018-02-16,792.28,792.2799999999992
1,0.2,749.99,2,1,4,2018,Santa Cruz Bikes,Road Bikes,CA,4,2018-02-16,599.99,600.4859999999994
2,0.07,469.99,2,1,4,2018,Baldwin Bikes,Mountain Bikes,NY,4,2018-02-16,874.18,874.2357999999984
2,0.2,549.99,2,1,5,2018,Baldwin Bikes,Comfort Bicycles,NY,4,2018-02-17,879.98,880.2359999999999
2,0.2,909.99,2,1,5,2018,Baldwin Bikes,Cruisers Bicycles,NY,4,2018-02-17,1455.98,1558.5080000000003
1,0.1,229.99,2,1,5,2018,Baldwin Bikes,Children Bicycles,NY,4,2018-02-17,206.99,188.99000000000007
1,0.07,209.99,2,1,5,2018,Baldwin Bikes,Children Bicycles,NY,4,2018-02-17,195.29,195.3320000000005
1,0.07,379.99,2,1,6,2018,Baldwin Bikes,Mountain Bikes,NY,4,2018-02-18,353.39,355.47080000000017
1,0.05,429.99,2,1,6,2018,Baldwin Bikes,Cruisers Bicycles,NY,4,2018-02-18,408.49,407.1502000000002
2,0.2,749.99,2,1,6,2018,Baldwin Bikes,Cruisers Bicycles,NY,4,2018-02-18,1199.98,1200.0759999999987
2,0.2,2799.99,2,1,0,2018,Baldwin Bikes,Electric Bikes,NY,4,2018-02-19,4479.98,4460.779999999995
2,0.05,2499.99,2,1,0,2018,Baldwin Bikes,Mountain Bikes,NY,4,2018-02-19,4749.98,4773.309999999994
1,0.05,4999.99,2,1,0,2018,Baldwin Bikes,Electric Bikes,NY,4,2018-02-19,4749.99,4701.989999999994
1,0.07,289.99,2,1,0,2018,Baldwin Bikes,Children Bicycles,NY,4,2018-02-19,269.69,255.46100000000015
2,0.1,209.99,2,1,2,2018,Baldwin Bikes,Children Bicycles,NY,4,2018-02-21,377.98,377.7400000000001
2,0.2,2799.99,2,1,4,2018,Santa Cruz Bikes,Electric Bikes,CA,4,2018-02-23,4479.98,4430.379999999995
2,0.05,379.99,2,1,4,2018,Santa Cruz Bikes,Mountain Bikes,CA,4,2018-02-23,721.98,705.5547999999995
1,0.1,269.99,2,1,4,2018,Santa Cruz Bikes,Cruisers Bicycles,CA,4,2018-02-23,242.99,244.8800000000004
1,0.1,489.99,2,1,6,2018,Baldwin Bikes,Mountain Bikes,NY,4,2018-02-25,440.99,440.55800000000005
2,0.05,429.99,2,1,6,2018,Baldwin Bikes,Cruisers Bicycles,NY,4,2018-02-25,816.98,814.5092000000003
2,0.1,2999.99,2,1,6,2018,Baldwin Bikes,Road Bikes,NY,4,2018-02-25,5399.98,5467.779999999993
2,0.07,899.99,2,1,0,2018,Rowlett Bikes,Comfort Bicycles,TX,4,2018-02-26,1673.98,1684.633599999998
1,0.05,799.99,2,1,0,2018,Baldwin Bikes,Comfort Bicycles,NY,3,2018-02-26,759.99,748.8804999999996
2,0.1,832.99,2,1,0,2018,Baldwin Bikes,Mountain Bikes,NY,3,2018-02-26,1499.38,1501.7836000000018
1,0.1,399.99,2,1,0,2018,Baldwin Bikes,Children Bicycles,NY,3,2018-02-26,359.99,356.0485999999999
1,0.2,832.99,2,1,0,2018,Baldwin Bikes,Mountain Bikes,NY,3,2018-02-26,666.39,673.0219999999995
2,0.2,299.99,2,1,0,2018,Baldwin Bikes,Children Bicycles,NY,4,2018-02-26,479.98,480.3000000000008
1,0.2,749.99,2,1,0,2018,Baldwin Bikes,Road Bikes,NY,4,2018-02-26,599.99,600.4859999999994
1,0.07,579.99,2,1,0,2018,Baldwin Bikes,Mountain Bikes,NY,4,2018-02-26,539.39,546.0539999999994
2,0.2,2599.0,2,1,0,2018,Baldwin Bikes,Mountain Bikes,NY,4,2018-02-26,4158.4,4099.179999999996
1,0.07,1299.99,2,1,0,2018,Rowlett Bikes,Road Bikes,TX,4,2018-02-26,1208.99,1177.7452000000014
2,0.05,3199.99,2,1,0,2018,Rowlett Bikes,Road Bikes,TX,4,2018-02-26,6079.98,6038.679999999992
1,0.05,289.99,2,1,0,2018,Rowlett Bikes,Children Bicycles,TX,4,2018-02-26,275.49,260.7650000000005
1,0.1,269.99,2,1,0,2018,Rowlett Bikes,Cruisers Bicycles,TX,4,2018-02-26,242.99,244.8800000000004
2,0.2,4999.99,2,1,1,2018,Baldwin Bikes,Electric Bikes,NY,4,2018-02-27,7999.98,8007.979999999989
1,0.1,679.99,2,1,1,2018,Baldwin Bikes,Comfort Bicycles,NY,4,2018-02-27,611.99,586.9700000000004
2,0.1,4999.99,2,1,1,2018,Baldwin Bikes,Electric Bikes,NY,4,2018-02-27,8999.98,8911.779999999988
2,0.05,279.99,3,1,3,2018,Rowlett Bikes,Children Bicycles,TX,4,2018-03-01,531.98,512.9800000000009
2,0.07,416.99,3,1,3,2018,Baldwin Bikes,Comfort Bicycles,NY,4,2018-03-01,775.6,774.5584000000001
1,0.1,5299.99,3,1,3,2018,Baldwin Bikes,Mountain Bikes,NY,4,2018-03-01,4769.99,4821.419999999995
1,0.1,2999.99,3,1,3,2018,Santa Cruz Bikes,Electric Bikes,CA,4,2018-03-01,2699.99,2699.9899999999966
2,0.2,749.99,3,1,3,2018,Santa Cruz Bikes,Comfort Bicycles,CA,4,2018-03-01,1199.98,1198.9239999999988
2,0.07,919.99,3,1,3,2018,Baldwin Bikes,Road Bikes,NY,4,2018-03-01,1711.18,1707.3075999999974
2,0.05,209.99,3,1,5,2018,Rowlett Bikes,Children Bicycles,TX,4,2018-03-03,398.98,397.10800000000035
2,0.1,2999.99,3,1,5,2018,Baldwin Bikes,Road Bikes,NY,4,2018-03-03,5399.98,5464.579999999993
2,0.05,369.99,3,1,5,2018,Baldwin Bikes,Children Bicycles,NY,4,2018-03-03,702.98,701.052
2,0.07,1632.99,3,1,5,2018,Baldwin Bikes,Mountain Bikes,NY,4,2018-03-03,3037.36,3056.0811999999946
1,0.05,429.0,3,1,5,2018,Baldwin Bikes,Cruisers Bicycles,NY,4,2018-03-03,407.55,407.12190000000015
2,0.1,249.99,3,1,5,2018,Baldwin Bikes,Children Bicycles,NY,4,2018-03-03,449.98,448.8800000000005
1,0.05,659.99,3,1,5,2018,Baldwin Bikes,Cruisers Bicycles,NY,4,2018-03-03,626.99,625.0363999999994
1,0.2,3499.99,3,1,5,2018,Rowlett Bikes,Electric Bikes,TX,4,2018-03-03,2799.99,2799.989999999996
2,0.1,699.99,3,1,5,2018,Rowlett Bikes,Cruisers Bicycles,TX,4,2018-03-03,1259.98,1227.4440000000002
1,0.1,1899.0,3,1,6,2018,Baldwin Bikes,Mountain Bikes,NY,4,2018-03-04,1709.1,1619.99
1,0.1,899.99,3,1,6,2018,Baldwin Bikes,Cruisers Bicycles,NY,4,2018-03-04,809.99,813.7235999999998
2,0.1,3499.99,3,1,6,2018,Baldwin Bikes,Electric Bikes,NY,4,2018-03-04,6299.98,6299.9799999999905
2,0.2,899.99,3,1,6,2018,Baldwin Bikes,Cruisers Bicycles,NY,4,2018-03-04,1439.98,1558.5080000000003
1,0.2,2299.99,3,1,6,2018,Baldwin Bikes,Electric Bikes,NY,4,2018-03-04,1839.99,1854.2899999999988
2,0.05,679.99,3,1,6,2018,Baldwin Bikes,Cruisers Bicycles,NY,4,2018-03-04,1291.98,1283.5775999999987
2,0.2,2499.99,3,1,6,2018,Baldwin Bikes,Mountain Bikes,NY,4,2018-03-04,3999.98,4025.5799999999963
2,0.2,639.99,3,1,6,2018,Santa Cruz Bikes,Cruisers Bicycles,CA,4,2018-03-04,1023.98,1036.3319999999992
1,0.07,1499.0,3,1,6,2018,Baldwin Bikes,Mountain Bikes,NY,4,2018-03-04,1394.07,1394.8220000000013
2,0.05,279.99,3,1,0,2018,Baldwin Bikes,Children Bicycles,NY,4,2018-03-05,531.98,512.9800000000009
2,0.07,761.99,3,1,0,2018,Rowlett Bikes,Cruisers Bicycles,TX,4,2018-03-05,1417.3,1406.404000000001
2,0.2,919.99,3,1,0,2018,Rowlett Bikes,Road Bikes,TX,4,2018-03-05,1471.98,1580.092
1,0.05,679.99,3,1,0,2018,Rowlett Bikes,Cruisers Bicycles,TX,4,2018-03-05,645.99,624.6631999999994
2,0.2,489.99,3,1,1,2018,Santa Cruz Bikes,Mountain Bikes,CA,4,2018-03-06,783.98,783.7240000000005
1,0.2,449.99,3,1,1,2018,Santa Cruz Bikes,Comfort Bicycles,CA,4,2018-03-06,359.99,359.9900000000005
1,0.2,749.99,3,1,1,2018,Santa Cruz Bikes,Cruisers Bicycles,CA,4,2018-03-06,599.99,600.5819999999994
1,0.1,416.99,3,1,1,2018,Santa Cruz Bikes,Cruisers Bicycles,CA,4,2018-03-06,375.29,375.27210000000065
2,0.05,599.99,3,1,2,2018,Baldwin Bikes,Cruisers Bicycles,NY,4,2018-03-07,1139.98,1139.979999999999
2,0.07,1549.0,3,1,2,2018,Baldwin Bikes,Road Bikes,NY,4,2018-03-07,2881.14,2879.0708000000054
1,0.05,2999.99,3,1,2,2018,Baldwin Bikes,Mountain Bikes,NY,4,2018-03-07,2849.99,2845.859999999996
2,0.07,429.99,3,1,2,2018,Baldwin Bikes,Cruisers Bicycles,NY,4,2018-03-07,799.78,800.6728000000008
1,0.07,319.99,3,1,2,2018,Baldwin Bikes,Children Bicycles,NY,4,2018-03-07,297.59,306.11800000000034
1,0.07,749.99,3,1,2,2018,Baldwin Bikes,Cruisers Bicycles,NY,4,2018-03-07,697.49,697.4899999999997
2,0.07,1799.99,3,1,2,2018,Baldwin Bikes,Road Bikes,NY,4,2018-03-07,3347.98,3415.6999999999994
2,0.05,3199.99,3,1,2,2018,Baldwin Bikes,Road Bikes,NY,4,2018-03-07,6079.98,6027.879999999992
1,0.07,209.99,3,1,2,2018,Baldwin Bikes,Children Bicycles,NY,4,2018-03-07,195.29,195.2900000000005
1,0.07,89.99,3,1,2,2018,Baldwin Bikes,Children Bicycles,NY,4,2018-03-07,83.69,104.06999999999984
2,0.05,319.99,3,1,2,2018,Baldwin Bikes,Cruisers Bicycles,NY,4,2018-03-07,607.98,571.9840000000012
2,0.2,4999.99,3,1,2,2018,Santa Cruz Bikes,Mountain Bikes,CA,4,2018-03-07,7999.98,8004.779999999988
2,0.2,899.99,3,1,3,2018,Baldwin Bikes,Cruisers Bicycles,NY,4,2018-03-08,1439.98,1558.5080000000003
1,0.07,469.99,3,1,3,2018,Baldwin Bikes,Mountain Bikes,NY,4,2018-03-08,437.09,437.0899999999992
2,0.07,2799.99,3,1,3,2018,Baldwin Bikes,Electric Bikes,NY,4,2018-03-08,5207.98,5169.599999999992
1,0.1,2499.99,3,1,3,2018,Baldwin Bikes,Mountain Bikes,NY,4,2018-03-08,2249.99,2261.7899999999972
2,0.2,3499.99,3,1,3,2018,Baldwin Bikes,Electric Bikes,NY,4,2018-03-08,5599.98,5599.979999999992
2,0.2,659.99,3,1,3,2018,Baldwin Bikes,Cruisers Bicycles,NY,4,2018-03-08,1055.98,1055.4039999999993
1,0.05,319.99,3,1,5,2018,Baldwin Bikes,Cruisers Bicycles,NY,4,2018-03-10,303.99,308.87900000000053
1,0.07,319.99,3,1,5,2018,Baldwin Bikes,Children Bicycles,NY,4,2018-03-10,297.59,306.1120000000003
1,0.07,249.99,3,1,6,2018,Baldwin Bikes,Children Bicycles,NY,4,2018-03-11,232.49,236.4318000000003
1,0.2,1899.0,3,1,6,2018,Baldwin Bikes,Road Bikes,NY,4,2018-03-11,1519.2,1469.5660000000003
1,0.07,749.99,3,1,6,2018,Baldwin Bikes,Cruisers Bicycles,NY,4,2018-03-11,697.49,697.4899999999997
1,0.07,749.99,3,1,6,2018,Baldwin Bikes,Road Bikes,NY,4,2018-03-11,697.49,697.4899999999997
1,0.1,3999.99,3,1,6,2018,Baldwin Bikes,Cyclocross Bicycles,NY,4,2018-03-11,3599.99,3559.789999999995
1,0.2,2999.99,3,1,6,2018,Baldwin Bikes,Cruisers Bicycles,NY,4,2018-03-11,2399.99,2392.789999999997
1,0.07,799.99,3,1,2,2018,Baldwin Bikes,Cruisers Bicycles,NY,4,2018-03-14,743.99,739.3869000000002
2,0.2,429.99,3,1,2,2018,Baldwin Bikes,Cruisers Bicycles,NY,4,2018-03-14,687.98,687.1400000000009
1,0.1,2999.99,3,1,2,2018,Baldwin Bikes,Electric Bikes,NY,4,2018-03-14,2699.99,2699.9899999999966
2,0.1,279.99,3,1,2,2018,Baldwin Bikes,Children Bicycles,NY,4,2018-03-14,503.98,485.9800000000008
2,0.07,4999.99,3,1,2,2018,Baldwin Bikes,Electric Bikes,NY,4,2018-03-14,9299.98,9169.779999999988
2,0.07,1599.99,3,1,2,2018,Baldwin Bikes,Mountain Bikes,NY,4,2018-03-14,2975.98,3041.4039999999954
1,0.2,999.99,3,1,2,2018,Baldwin Bikes,Mountain Bikes,NY,4,2018-03-14,799.99,799.9900000000005
1,0.1,1559.99,3,1,2,2018,Baldwin Bikes,Electric Bikes,NY,4,2018-03-14,1403.99,1406.6132000000018
2,0.07,559.99,3,1,2,2018,Baldwin Bikes,Cruisers Bicycles,NY,4,2018-03-14,1041.58,1026.0675999999985
1,0.07,416.99,3,1,3,2018,Rowlett Bikes,Comfort Bicycles,TX,4,2018-03-15,387.8,387.9483
1,0.1,4499.99,3,1,3,2018,Rowlett Bikes,Electric Bikes,TX,4,2018-03-15,4049.99,4022.689999999994
1,0.1,2599.0,3,1,3,2018,Baldwin Bikes,Mountain Bikes,NY,4,2018-03-15,2339.1,2308.659999999997
2,0.2,250.99,3,1,3,2018,Rowlett Bikes,Cruisers Bicycles,TX,4,2018-03-15,401.58,401.500000000001
1,0.05,469.99,3,1,3,2018,Rowlett Bikes,Mountain Bikes,TX,4,2018-03-15,446.49,446.53750000000014
2,0.07,749.99,3,1,3,2018,Rowlett Bikes,Mountain Bikes,TX,4,2018-03-15,1394.98,1386.2831999999994
2,0.05,749.99,3,1,3,2018,Rowlett Bikes,Road Bikes,TX,4,2018-03-15,1424.98,1413.8879999999997
1,0.05,7499.99,3,1,3,2018,Baldwin Bikes,Road Bikes,NY,4,2018-03-15,7124.99,6153.989999999994
2,0.05,1099.99,3,1,3,2018,Baldwin Bikes,Cruisers Bicycles,NY,4,2018-03-15,2089.98,2089.0900000000033
1,0.2,89.99,3,1,3,2018,Baldwin Bikes,Children Bicycles,NY,4,2018-03-15,71.99,93.47999999999983
1,0.07,2299.99,3,1,3,2018,Baldwin Bikes,Mountain Bikes,NY,4,2018-03-15,2138.99,2155.2899999999972
2,0.07,2799.99,3,1,3,2018,Baldwin Bikes,Electric Bikes,NY,4,2018-03-15,5207.98,5169.599999999992
2,0.2,699.99,3,1,3,2018,Rowlett Bikes,Cruisers Bicycles,TX,4,2018-03-15,1119.98,1111.499999999999
1,0.2,4999.99,3,1,3,2018,Baldwin Bikes,Mountain Bikes,NY,4,2018-03-15,3999.99,4007.189999999994
1,0.2,959.99,3,1,3,2018,Baldwin Bikes,Cruisers Bicycles,NY,4,2018-03-15,767.99,763.7020000000005
2,0.05,1599.99,3,1,3,2018,Santa Cruz Bikes,Mountain Bikes,CA,4,2018-03-15,3039.98,3114.7923999999975
2,0.05,489.99,3,1,3,2018,Baldwin Bikes,Comfort Bicycles,NY,4,2018-03-15,930.98,930.9799999999999
1,0.07,1409.99,3,1,3,2018,Rowlett Bikes,Mountain Bikes,TX,4,2018-03-15,1311.29,1307.7772999999977
2,0.1,339.99,3,1,4,2018,Baldwin Bikes,Children Bicycles,NY,4,2018-03-16,611.98,614.2960000000012
1,0.1,209.99,3,1,4,2018,Baldwin Bikes,Children Bicycles,NY,4,2018-03-16,188.99,188.99000000000007
1,0.2,1999.99,3,1,4,2018,Baldwin Bikes,Road Bikes,NY,4,2018-03-16,1599.99,1666.2859999999998
2,0.2,1899.0,3,1,4,2018,Baldwin Bikes,Mountain Bikes,NY,4,2018-03-16,3038.4,2927.9800000000023
2,0.05,209.99,3,1,4,2018,Baldwin Bikes,Children Bicycles,NY,4,2018-03-16,398.98,397.5640000000003
1,0.07,269.99,3,1,4,2018,Baldwin Bikes,Cruisers Bicycles,NY,4,2018-03-16,251.09,251.09000000000012
1,0.1,4499.99,3,1,4,2018,Baldwin Bikes,Road Bikes,NY,4,2018-03-16,4049.99,4036.189999999994
1,0.07,4499.99,3,1,4,2018,Baldwin Bikes,Road Bikes,NY,4,2018-03-16,4184.99,4097.239999999994
2,0.1,639.99,3,1,5,2018,Baldwin Bikes,Cruisers Bicycles,NY,4,2018-03-17,1151.98,1189.3080000000002
1,0.07,875.99,3,1,5,2018,Baldwin Bikes,Road Bikes,NY,4,2018-03-17,814.67,810.5335999999987
2,0.1,999.99,3,1,5,2018,Baldwin Bikes,Mountain Bikes,NY,4,2018-03-17,1799.98,1757.6080000000013
1,0.05,319.99,3,1,5,2018,Baldwin Bikes,Cruisers Bicycles,NY,4,2018-03-17,303.99,308.87900000000053
2,0.05,639.99,3,1,5,2018,Baldwin Bikes,Cruisers Bicycles,NY,4,2018-03-17,1215.98,1238.3967999999982
2,0.05,899.99,3,1,5,2018,Baldwin Bikes,Cruisers Bicycles,NY,4,2018-03-17,1709.98,1715.5972000000008
2,0.05,2999.99,3,1,6,2018,Baldwin Bikes,Cruisers Bicycles,NY,4,2018-03-18,5699.98,5694.279999999992
2,0.07,799.99,3,1,6,2018,Baldwin Bikes,Cruisers Bicycles,NY,4,2018-03-18,1487.98,1486.9532000000002
1,0.2,2699.99,3,1,6,2018,Baldwin Bikes,Road Bikes,NY,4,2018-03-18,2159.99,2155.1899999999973
2,0.1,269.99,3,1,6,2018,Baldwin Bikes,Cruisers Bicycles,NY,4,2018-03-18,485.98,485.9800000000008
1,0.1,749.99,3,1,6,2018,Baldwin Bikes,Cruisers Bicycles,NY,4,2018-03-18,674.99,674.9899999999994
1,0.2,5499.99,3,1,6,2018,Santa Cruz Bikes,Road Bikes,CA,4,2018-03-18,4399.99,4440.189999999994
1,0.07,2299.99,3,1,6,2018,Baldwin Bikes,Road Bikes,NY,4,2018-03-18,2138.99,2138.319999999998
1,0.07,489.99,3,1,0,2018,Baldwin Bikes,Children Bicycles,NY,4,2018-03-19,455.69,455.8860000000002
2,0.1,3199.99,3,1,0,2018,Baldwin Bikes,Road Bikes,NY,4,2018-03-19,5759.98,5827.179999999992
1,0.2,559.99,3,1,0,2018,Baldwin Bikes,Comfort Bicycles,NY,4,2018-03-19,447.99,451.14199999999937
2,0.1,2999.99,3,1,0,2018,Baldwin Bikes,Cyclocross Bicycles,NY,4,2018-03-19,5399.98,5394.179999999993
2,0.05,899.99,3,1,0,2018,Baldwin Bikes,Cruisers Bicycles,NY,4,2018-03-19,1709.98,1706.273200000001
1,0.05,1469.99,3,1,0,2018,Baldwin Bikes,Mountain Bikes,NY,4,2018-03-19,1396.49,1397.5280000000014
1,0.1,289.99,3,1,1,2018,Baldwin Bikes,Children Bicycles,NY,4,2018-03-20,260.99,254.69000000000042
2,0.1,647.99,3,1,1,2018,Rowlett Bikes,Cruisers Bicycles,TX,4,2018-03-20,1166.38,1185.0384000000013
1,0.07,489.99,3,1,1,2018,Baldwin Bikes,Mountain Bikes,NY,4,2018-03-20,455.69,455.8860000000002
1,0.2,470.99,3,1,1,2018,Baldwin Bikes,Comfort Bicycles,NY,4,2018-03-20,376.79,376.91800000000063
1,0.05,549.99,3,1,1,2018,Rowlett Bikes,Cruisers Bicycles,TX,4,2018-03-20,522.49,522.8699999999997
2,0.2,2499.99,3,1,1,2018,Baldwin Bikes,Road Bikes,NY,4,2018-03-20,3999.98,4071.1799999999967
2,0.05,319.99,3,1,1,2018,Rowlett Bikes,Children Bicycles,TX,4,2018-03-20,607.98,571.9840000000012
1,0.05,533.99,3,1,1,2018,Rowlett Bikes,Comfort Bicycles,TX,4,2018-03-20,507.29,507.4990000000006
2,0.1,159.99,3,1,1,2018,Baldwin Bikes,Children Bicycles,NY,4,2018-03-20,287.98,274.5399999999996
1,0.2,159.99,3,1,1,2018,Baldwin Bikes,Children Bicycles,NY,4,2018-03-20,127.99,123.73999999999982
1,0.07,639.99,3,1,1,2018,Baldwin Bikes,Cruisers Bicycles,NY,4,2018-03-20,595.19,604.2319999999993
1,0.1,469.99,3,1,1,2018,Baldwin Bikes,Mountain Bikes,NY,4,2018-03-20,422.99,423.0980000000001
1,0.2,749.99,3,1,1,2018,Baldwin Bikes,Cruisers Bicycles,NY,4,2018-03-20,599.99,600.5819999999994
1,0.2,899.99,3,1,1,2018,Santa Cruz Bikes,Cruisers Bicycles,CA,4,2018-03-20,719.99,738.8060000000004
2,0.05,149.99,3,1,1,2018,Santa Cruz Bikes,Children Bicycles,CA,4,2018-03-20,284.98,284.64999999999964
2,0.07,416.99,3,1,1,2018,Santa Cruz Bikes,Comfort Bicycles,CA,4,2018-03-20,775.6,774.0376
2,0.1,209.99,3,1,1,2018,Santa Cruz Bikes,Children Bicycles,CA,4,2018-03-20,377.98,377.6800000000001
2,0.1,299.99,3,1,1,2018,Santa Cruz Bikes,Children Bicycles,CA,4,2018-03-20,539.98,539.980000000001
2,0.1,832.99,3,1,1,2018,Baldwin Bikes,Mountain Bikes,NY,4,2018-03-20,1499.38,1499.9518000000019
1,0.2,1499.0,3,1,1,2018,Baldwin Bikes,Mountain Bikes,NY,4,2018-03-20,1199.2,1197.110000000002
2,0.05,549.99,3,1,1,2018,Baldwin Bikes,Mountain Bikes,NY,4,2018-03-20,1044.98,1044.2579999999994
2,0.05,339.99,3,1,1,2018,Baldwin Bikes,Children Bicycles,NY,4,2018-03-20,645.98,648.579000000001
1,0.07,319.99,3,1,1,2018,Baldwin Bikes,Children Bicycles,NY,4,2018-03-20,297.59,306.24400000000026
2,0.05,2799.99,3,1,1,2018,Baldwin Bikes,Electric Bikes,NY,4,2018-03-20,5319.98,5324.359999999993
1,0.1,1259.9,3,1,2,2018,Baldwin Bikes,Cruisers Bicycles,NY,4,2018-03-21,1133.91,1115.7010000000007
1,0.05,4499.99,3,1,2,2018,Baldwin Bikes,Electric Bikes,NY,4,2018-03-21,4274.99,4133.239999999994
1,0.07,299.99,3,1,2,2018,Baldwin Bikes,Cruisers Bicycles,NY,4,2018-03-21,278.99,279.17600000000056
1,0.05,749.99,3,1,2,2018,Baldwin Bikes,Road Bikes,NY,4,2018-03-21,712.49,712.4899999999999
2,0.07,3999.99,3,1,2,2018,Baldwin Bikes,Mountain Bikes,NY,4,2018-03-21,7439.98,7435.179999999989
2,0.07,999.99,3,1,2,2018,Baldwin Bikes,Mountain Bikes,NY,4,2018-03-21,1859.98,1809.784000000001
1,0.1,529.99,3,1,3,2018,Baldwin Bikes,Cruisers Bicycles,NY,4,2018-03-22,476.99,477.43999999999977
1,0.05,2999.99,3,1,3,2018,Baldwin Bikes,Cruisers Bicycles,NY,4,2018-03-22,2849.99,2853.459999999996
1,0.1,369.99,3,1,3,2018,Baldwin Bikes,Children Bicycles,NY,4,2018-03-22,332.99,338.70200000000045
1,0.2,89.99,3,1,3,2018,Baldwin Bikes,Children Bicycles,NY,4,2018-03-22,71.99,93.47999999999983
2,0.2,699.99,3,1,3,2018,Baldwin Bikes,Cruisers Bicycles,NY,4,2018-03-22,1119.98,1112.1399999999992
1,0.2,1499.99,3,1,3,2018,Baldwin Bikes,Road Bikes,NY,4,2018-03-22,1199.99,1198.070000000002
1,0.07,499.99,3,1,3,2018,Baldwin Bikes,Comfort Bicycles,NY,4,2018-03-22,464.99,464.15299999999996
2,0.05,6499.99,3,1,4,2018,Baldwin Bikes,Road Bikes,NY,4,2018-03-23,12349.98,12217.379999999986
1,0.05,1549.0,3,1,4,2018,Baldwin Bikes,Road Bikes,NY,4,2018-03-23,1471.55,1475.386400000001
2,0.05,416.99,3,1,5,2018,Baldwin Bikes,Comfort Bicycles,NY,4,2018-03-24,792.28,792.2799999999992
1,0.2,1499.0,3,1,5,2018,Baldwin Bikes,Mountain Bikes,NY,4,2018-03-24,1199.2,1198.790000000002
2,0.2,2499.99,3,1,5,2018,Baldwin Bikes,Road Bikes,NY,4,2018-03-24,3999.98,4094.3799999999965
2,0.05,1549.99,3,1,5,2018,Baldwin Bikes,Road Bikes,NY,4,2018-03-24,2944.98,2948.040400000001
2,0.05,659.99,3,1,6,2018,Baldwin Bikes,Cruisers Bicycles,NY,4,2018-03-25,1253.98,1247.470399999999
2,0.07,899.99,3,1,0,2018,Santa Cruz Bikes,Comfort Bicycles,CA,4,2018-03-26,1673.98,1684.9719999999984
1,0.05,2999.99,3,1,0,2018,Santa Cruz Bikes,Cruisers Bicycles,CA,4,2018-03-26,2849.99,2853.459999999996
2,0.2,1349.0,3,1,0,2018,Santa Cruz Bikes,Road Bikes,CA,4,2018-03-26,2158.4,2043.7719999999986
2,0.05,1499.99,3,1,0,2018,Santa Cruz Bikes,Mountain Bikes,CA,4,2018-03-26,2849.98,2844.160000000003
1,0.07,449.0,3,1,0,2018,Baldwin Bikes,Cruisers Bicycles,NY,4,2018-03-26,417.57,417.64359999999976
1,0.2,3199.99,3,1,0,2018,Baldwin Bikes,Mountain Bikes,NY,4,2018-03-26,2559.99,2504.7899999999963
2,0.1,369.99,3,1,0,2018,Baldwin Bikes,Children Bicycles,NY,4,2018-03-26,665.98,676.9558000000006
2,0.05,489.99,3,1,1,2018,Rowlett Bikes,Children Bicycles,TX,4,2018-03-27,930.98,929.8719999999997
2,0.05,849.99,3,1,1,2018,Rowlett Bikes,Cruisers Bicycles,TX,4,2018-03-27,1614.98,1589.2950000000005
2,0.2,799.99,3,1,1,2018,Rowlett Bikes,Cruisers Bicycles,TX,4,2018-03-27,1279.98,1317.835999999999
1,0.07,2499.99,3,1,1,2018,Rowlett Bikes,Road Bikes,TX,4,2018-03-27,2324.99,2393.669999999997
1,0.07,4999.99,3,1,1,2018,Santa Cruz Bikes,Road Bikes,CA,4,2018-03-27,4649.99,4633.239999999994
2,0.07,5999.99,3,1,1,2018,Santa Cruz Bikes,Road Bikes,CA,4,2018-03-27,11159.98,11212.779999999988
1,0.05,199.99,3,1,1,2018,Santa Cruz Bikes,Children Bicycles,CA,4,2018-03-27,189.99,180.49
2,0.1,470.99,3,1,2,2018,Baldwin Bikes,Comfort Bicycles,NY,4,2018-03-28,847.78,847.9059999999992
1,0.05,279.99,3,1,2,2018,Baldwin Bikes,Children Bicycles,NY,4,2018-03-28,265.99,256.49000000000046
2,0.05,2999.99,3,1,2,2018,Baldwin Bikes,Cruisers Bicycles,NY,4,2018-03-28,5699.98,5690.479999999992
2,0.2,2599.99,3,1,2,2018,Baldwin Bikes,Road Bikes,NY,4,2018-03-28,4159.98,4153.579999999995
1,0.07,1799.99,3,1,2,2018,Baldwin Bikes,Mountain Bikes,NY,4,2018-03-28,1673.99,1673.9899999999998
1,0.2,109.99,3,1,3,2018,Baldwin Bikes,Children Bicycles,NY,4,2018-03-29,87.99,93.47999999999983
1,0.2,799.99,3,1,3,2018,Baldwin Bikes,Comfort Bicycles,NY,4,2018-03-29,639.99,641.9579999999994
2,0.2,599.99,3,1,4,2018,Baldwin Bikes,Cruisers Bicycles,NY,4,2018-03-30,959.98,959.9799999999997
2,0.05,1899.0,3,1,4,2018,Baldwin Bikes,Road Bikes,NY,4,2018-03-30,3608.1,3472.659999999999
2,0.07,899.99,3,1,4,2018,Baldwin Bikes,Cruisers Bicycles,NY,4,2018-03-30,1673.98,1693.4991999999995
2,0.05,899.99,3,1,4,2018,Baldwin Bikes,Comfort Bicycles,NY,4,2018-03-30,1709.98,1713.8587999999995
2,0.2,109.99,3,1,4,2018,Santa Cruz Bikes,Children Bicycles,CA,4,2018-03-30,175.98,185.75599999999977
1,0.2,899.99,3,1,4,2018,Santa Cruz Bikes,Comfort Bicycles,CA,4,2018-03-30,719.99,734.0700000000004
1,0.07,489.99,3,1,4,2018,Santa Cruz Bikes,Comfort Bicycles,CA,4,2018-03-30,455.69,455.8860000000002
1,0.05,999.99,3,1,4,2018,Santa Cruz Bikes,Mountain Bikes,CA,4,2018-03-30,949.99,948.0900000000012
2,0.2,1549.0,3,1,5,2018,Baldwin Bikes,Cyclocross Bicycles,NY,4,2018-03-31,2478.4,2478.575799999996
1,0.2,999.99,3,1,5,2018,Baldwin Bikes,Mountain Bikes,NY,4,2018-03-31,799.99,799.9900000000005
2,0.1,489.99,3,1,5,2018,Baldwin Bikes,Children Bicycles,NY,4,2018-03-31,881.98,881.2600000000001
2,0.1,289.99,3,1,5,2018,Baldwin Bikes,Children Bicycles,NY,4,2018-03-31,521.98,539.980000000001
1,0.1,2799.99,3,1,5,2018,Baldwin Bikes,Electric Bikes,NY,4,2018-03-31,2519.99,2467.529999999997
1,0.07,5299.99,3,1,5,2018,Baldwin Bikes,Mountain Bikes,NY,4,2018-03-31,4928.99,4925.809999999994
2,0.07,349.99,3,1,5,2018,Baldwin Bikes,Children Bicycles,NY,4,2018-03-31,650.98,650.9800000000015
2,0.07,3199.99,3,1,5,2018,Baldwin Bikes,Mountain Bikes,NY,4,2018-03-31,5951.98,6061.579999999991
2,0.05,4999.99,4,2,6,2018,Baldwin Bikes,Electric Bikes,NY,1,2018-04-01,9499.98,9477.379999999988
1,0.05,4999.99,4,2,6,2018,Baldwin Bikes,Mountain Bikes,NY,1,2018-04-01,4749.99,4671.989999999994
2,0.07,4999.99,4,2,6,2018,Baldwin Bikes,Road Bikes,NY,1,2018-04-01,9299.98,9151.179999999988
1,0.05,489.99,4,2,6,2018,Baldwin Bikes,Mountain Bikes,NY,1,2018-04-01,465.49,465.1099999999999
1,0.1,1499.99,4,2,6,2018,Baldwin Bikes,Road Bikes,NY,1,2018-04-01,1349.99,1357.1732000000018
2,0.07,749.99,4,2,6,2018,Baldwin Bikes,Road Bikes,NY,1,2018-04-01,1394.98,1386.2831999999994
1,0.1,919.99,4,2,6,2018,Baldwin Bikes,Mountain Bikes,NY,1,2018-04-01,827.99,817.7966000000001
2,0.07,209.99,4,2,6,2018,Baldwin Bikes,Children Bicycles,NY,2,2018-04-01,390.58,389.27800000000093
2,0.1,659.99,4,2,6,2018,Baldwin Bikes,Cruisers Bicycles,NY,2,2018-04-01,1187.98,1194.3599999999997
2,0.1,749.99,4,2,6,2018,Baldwin Bikes,Comfort Bicycles,NY,2,2018-04-01,1349.98,1340.219999999999
1,0.1,899.99,4,2,6,2018,Baldwin Bikes,Cruisers Bicycles,NY,2,2018-04-01,809.99,811.5164
1,0.05,2999.99,4,2,6,2018,Baldwin Bikes,Cruisers Bicycles,NY,2,2018-04-01,2849.99,2854.099999999996
2,0.07,959.99,4,2,6,2018,Baldwin Bikes,Cruisers Bicycles,NY,2,2018-04-01,1785.58,1733.6871999999994
2,0.05,1559.99,4,2,0,2018,Baldwin Bikes,Electric Bikes,NY,2,2018-04-02,2963.98,2959.0192000000015
1,0.1,199.99,4,2,0,2018,Baldwin Bikes,Children Bicycles,NY,2,2018-04-02,179.99,171.1419999999999
1,0.1,489.99,4,2,0,2018,Baldwin Bikes,Mountain Bikes,NY,2,2018-04-02,440.99,440.63
1,0.05,489.99,4,2,0,2018,Baldwin Bikes,Children Bicycles,NY,2,2018-04-02,465.49,465.41399999999993
1,0.2,319.99,4,2,0,2018,Baldwin Bikes,Children Bicycles,NY,2,2018-04-02,255.99,265.35000000000053
2,0.05,679.99,4,2,0,2018,Baldwin Bikes,Comfort Bicycles,NY,2,2018-04-02,1291.98,1279.7183999999988
2,0.2,2499.99,4,2,0,2018,Baldwin Bikes,Mountain Bikes,NY,2,2018-04-02,3999.98,3996.7799999999966
2,0.2,3499.99,4,2,0,2018,Baldwin Bikes,Road Bikes,NY,2,2018-04-02,5599.98,5599.979999999992
2,0.07,319.99,4,2,0,2018,Baldwin Bikes,Children Bicycles,NY,2,2018-04-02,595.18,563.0680000000011
2,0.07,679.99,4,2,0,2018,Baldwin Bikes,Cruisers Bicycles,NY,1,2018-04-02,1264.78,1267.5711999999999
1,0.05,489.99,4,2,0,2018,Baldwin Bikes,Children Bicycles,NY,1,2018-04-02,465.49,465.41399999999993
1,0.1,749.99,4,2,1,2018,Santa Cruz Bikes,Cruisers Bicycles,CA,2,2018-04-03,674.99,674.9899999999994
1,0.1,299.99,4,2,1,2018,Santa Cruz Bikes,Children Bicycles,CA,2,2018-04-03,269.99,269.9900000000005
1,0.1,875.99,4,2,1,2018,Santa Cruz Bikes,Road Bikes,CA,1,2018-04-03,788.39,794.1523999999996
2,0.2,279.99,4,2,1,2018,Santa Cruz Bikes,Children Bicycles,CA,1,2018-04-03,447.98,431.98000000000053
1,0.2,2999.99,4,2,1,2018,Santa Cruz Bikes,Electric Bikes,CA,1,2018-04-03,2399.99,2401.589999999997
1,0.07,2499.99,4,2,1,2018,Santa Cruz Bikes,Mountain Bikes,CA,2,2018-04-03,2324.99,2343.9299999999967
1,0.05,319.99,4,2,1,2018,Santa Cruz Bikes,Cruisers Bicycles,CA,2,2018-04-03,303.99,309.27000000000044
1,0.05,2299.99,4,2,1,2018,Santa Cruz Bikes,Electric Bikes,CA,1,2018-04-03,2184.99,2172.8799999999974
1,0.05,2999.99,4,2,1,2018,Santa Cruz Bikes,Electric Bikes,CA,1,2018-04-03,2849.99,2849.989999999996
2,0.2,1549.99,4,2,1,2018,Santa Cruz Bikes,Road Bikes,CA,1,2018-04-03,2479.98,2488.958199999997
1,0.07,4499.99,4,2,1,2018,Santa Cruz Bikes,Road Bikes,CA,1,2018-04-03,4184.99,4097.239999999994
1,0.07,2299.99,4,2,1,2018,Santa Cruz Bikes,Mountain Bikes,CA,2,2018-04-03,2138.99,2158.829999999997
2,0.2,349.99,4,2,1,2018,Santa Cruz Bikes,Children Bicycles,CA,1,2018-04-03,559.98,564.7320000000011
2,0.1,379.99,4,2,2,2018,Baldwin Bikes,Mountain Bikes,NY,1,2018-04-04,683.98,689.0560000000008
1,0.1,429.99,4,2,2,2018,Rowlett Bikes,Cruisers Bicycles,TX,2,2018-04-04,386.99,385.8837999999993
2,0.07,2999.99,4,2,2,2018,Santa Cruz Bikes,Mountain Bikes,CA,1,2018-04-04,5579.98,5537.079999999993
1,0.05,449.99,4,2,2,2018,Santa Cruz Bikes,Comfort Bicycles,CA,1,2018-04-04,427.49,427.48060000000004
2,0.2,299.99,4,2,2,2018,Santa Cruz Bikes,Children Bicycles,CA,1,2018-04-04,479.98,480.3000000000008
2,0.07,1559.99,4,2,2,2018,Santa Cruz Bikes,Electric Bikes,CA,1,2018-04-04,2901.58,2896.6767999999997
2,0.1,429.99,4,2,3,2018,Santa Cruz Bikes,Cruisers Bicycles,CA,2,2018-04-05,773.98,771.9469999999988
2,0.2,749.99,4,2,3,2018,Santa Cruz Bikes,Road Bikes,CA,2,2018-04-05,1199.98,1200.363999999999
2,0.05,249.99,4,2,3,2018,Santa Cruz Bikes,Children Bicycles,CA,2,2018-04-05,474.98,472.29800000000046
2,0.05,369.99,4,2,3,2018,Baldwin Bikes,Children Bicycles,NY,2,2018-04-05,702.98,701.052
2,0.2,749.99,4,2,3,2018,Baldwin Bikes,Comfort Bicycles,NY,2,2018-04-05,1199.98,1200.363999999999
1,0.1,2599.0,4,2,3,2018,Baldwin Bikes,Mountain Bikes,NY,2,2018-04-05,2339.1,2299.569999999997
1,0.05,529.99,4,2,4,2018,Baldwin Bikes,Cruisers Bicycles,NY,1,2018-04-06,503.49,503.6039999999997
1,0.07,319.99,4,2,4,2018,Santa Cruz Bikes,Children Bicycles,CA,2,2018-04-06,297.59,306.45200000000034
1,0.05,599.99,4,2,4,2018,Baldwin Bikes,Cruisers Bicycles,NY,1,2018-04-06,569.99,560.8699999999995
1,0.07,639.99,4,2,4,2018,Baldwin Bikes,Cruisers Bicycles,NY,1,2018-04-06,595.19,605.7331999999993
1,0.2,250.99,4,2,4,2018,Baldwin Bikes,Cruisers Bicycles,NY,1,2018-04-06,200.79,200.78200000000052
2,0.07,1469.99,4,2,4,2018,Santa Cruz Bikes,Mountain Bikes,CA,2,2018-04-06,2734.18,2741.415999999999
2,0.2,529.99,4,2,4,2018,Baldwin Bikes,Cruisers Bicycles,NY,2,2018-04-06,847.98,847.9800000000001
2,0.07,449.0,4,2,4,2018,Baldwin Bikes,Cruisers Bicycles,NY,2,2018-04-06,835.14,835.2135999999996
2,0.07,599.99,4,2,4,2018,Baldwin Bikes,Comfort Bicycles,NY,2,2018-04-06,1115.98,1115.979999999999
1,0.2,159.99,4,2,4,2018,Baldwin Bikes,Children Bicycles,NY,2,2018-04-06,127.99,122.38999999999982
1,0.07,899.99,4,2,4,2018,Baldwin Bikes,Cruisers Bicycles,NY,2,2018-04-06,836.99,827.5427999999989
1,0.05,1549.0,4,2,4,2018,Baldwin Bikes,Cyclocross Bicycles,NY,1,2018-04-06,1471.55,1472.2328000000002
2,0.1,3199.99,4,2,4,2018,Santa Cruz Bikes,Road Bikes,CA,2,2018-04-06,5759.98,5811.179999999992
1,0.07,599.99,4,2,4,2018,Santa Cruz Bikes,Cruisers Bicycles,CA,1,2018-04-06,557.99,555.1299999999997
2,0.05,159.99,4,2,4,2018,Santa Cruz Bikes,Children Bicycles,CA,2,2018-04-06,303.98,283.95999999999964
1,0.05,749.99,4,2,4,2018,Santa Cruz Bikes,Mountain Bikes,CA,2,2018-04-06,712.49,712.4899999999999
1,0.07,899.99,4,2,4,2018,Santa Cruz Bikes,Cruisers Bicycles,CA,1,2018-04-06,836.99,827.589599999999
1,0.05,449.99,4,2,4,2018,Santa Cruz Bikes,Comfort Bicycles,CA,1,2018-04-06,427.49,427.48060000000004
2,0.2,959.99,4,2,4,2018,Santa Cruz Bikes,Cruisers Bicycles,CA,1,2018-04-06,1535.98,1609.4200000000005
2,0.2,1599.99,4,2,4,2018,Santa Cruz Bikes,Mountain Bikes,CA,2,2018-04-06,2559.98,2697.501000000001
2,0.05,479.99,4,2,4,2018,Santa Cruz Bikes,Cruisers Bicycles,CA,1,2018-04-06,911.98,915.6441999999994
2,0.07,3599.99,4,2,4,2018,Santa Cruz Bikes,Electric Bikes,CA,2,2018-04-06,6695.98,6509.9799999999905
1,0.05,3199.99,4,2,4,2018,Santa Cruz Bikes,Road Bikes,CA,1,2018-04-06,3039.99,3021.4499999999957
2,0.07,799.99,4,2,4,2018,Santa Cruz Bikes,Cruisers Bicycles,CA,1,2018-04-06,1487.98,1490.5284000000001
1,0.05,470.99,4,2,4,2018,Santa Cruz Bikes,Comfort Bicycles,CA,2,2018-04-06,447.44,447.3450000000001
1,0.07,1799.99,4,2,4,2018,Santa Cruz Bikes,Cyclocross Bicycles,CA,2,2018-04-06,1673.99,1676.4363000000003
2,0.1,2999.99,4,2,4,2018,Santa Cruz Bikes,Electric Bikes,CA,2,2018-04-06,5399.98,5406.779999999993
1,0.1,909.99,4,2,5,2018,Santa Cruz Bikes,Cruisers Bicycles,CA,2,2018-04-07,818.99,812.771
2,0.05,449.99,4,2,5,2018,Santa Cruz Bikes,Comfort Bicycles,CA,2,2018-04-07,854.98,854.9800000000001
1,0.07,1199.99,4,2,6,2018,Baldwin Bikes,Cruisers Bicycles,NY,2,2018-04-08,1115.99,1020.7865000000014
2,0.05,875.99,4,2,6,2018,Baldwin Bikes,Road Bikes,NY,2,2018-04-08,1664.38,1659.3560000000011
1,0.1,416.99,4,2,6,2018,Baldwin Bikes,Comfort Bicycles,NY,2,2018-04-08,375.29,375.3981000000006
1,0.2,379.99,4,2,6,2018,Baldwin Bikes,Mountain Bikes,NY,2,2018-04-08,303.99,305.4220000000004
2,0.05,319.99,4,2,6,2018,Baldwin Bikes,Children Bicycles,NY,2,2018-04-08,607.98,572.1880000000012
1,0.07,319.99,4,2,6,2018,Baldwin Bikes,Children Bicycles,NY,2,2018-04-08,297.59,306.1600000000003
2,0.1,1680.99,4,2,6,2018,Baldwin Bikes,Cyclocross Bicycles,NY,2,2018-04-08,3025.78,3024.916000000003
1,0.05,189.99,4,2,6,2018,Baldwin Bikes,Children Bicycles,NY,2,2018-04-08,180.49,180.37599999999998
2,0.05,7499.99,4,2,6,2018,Baldwin Bikes,Road Bikes,NY,1,2018-04-08,14249.98,12125.779999999986
2,0.2,4999.99,4,2,6,2018,Baldwin Bikes,Road Bikes,NY,1,2018-04-08,7999.98,7999.979999999989
1,0.05,3499.99,4,2,6,2018,Baldwin Bikes,Road Bikes,NY,1,2018-04-08,3324.99,3310.1399999999953
2,0.05,5299.99,4,2,6,2018,Baldwin Bikes,Mountain Bikes,NY,1,2018-04-08,10069.98,10033.299999999987
2,0.07,549.99,4,2,6,2018,Baldwin Bikes,Comfort Bicycles,NY,1,2018-04-08,1022.98,1022.9799999999994
2,0.05,529.99,4,2,6,2018,Baldwin Bikes,Cruisers Bicycles,NY,1,2018-04-08,1006.98,1007.5119999999995
1,0.07,319.99,4,2,6,2018,Santa Cruz Bikes,Children Bicycles,CA,2,2018-04-08,297.59,306.45200000000034
2,0.2,1499.99,4,2,6,2018,Baldwin Bikes,Mountain Bikes,NY,2,2018-04-08,2399.98,2398.607200000002
2,0.2,1499.0,4,2,0,2018,Baldwin Bikes,Mountain Bikes,NY,1,2018-04-09,2398.4,2402.4472000000023
1,0.05,1469.99,4,2,0,2018,Baldwin Bikes,Mountain Bikes,NY,1,2018-04-09,1396.49,1397.8220000000013
2,0.07,429.0,4,2,0,2018,Baldwin Bikes,Cruisers Bicycles,NY,1,2018-04-09,797.94,801.286000000001
1,0.07,389.99,4,2,0,2018,Baldwin Bikes,Children Bicycles,NY,1,2018-04-09,362.69,353.03649999999993
2,0.2,1549.99,4,2,0,2018,Baldwin Bikes,Road Bikes,NY,1,2018-04-09,2479.98,2488.958199999997
1,0.07,909.99,4,2,0,2018,Rowlett Bikes,Cruisers Bicycles,TX,1,2018-04-09,846.29,829.3181999999993
2,0.1,269.99,4,2,0,2018,Baldwin Bikes,Cruisers Bicycles,NY,2,2018-04-09,485.98,485.9800000000008
2,0.1,2999.99,4,2,0,2018,Baldwin Bikes,Cruisers Bicycles,NY,2,2018-04-09,5399.98,5394.179999999993
1,0.1,449.99,4,2,0,2018,Baldwin Bikes,Cruisers Bicycles,NY,2,2018-04-09,404.99,404.79220000000015
2,0.05,3199.99,4,2,0,2018,Baldwin Bikes,Mountain Bikes,NY,2,2018-04-09,6079.98,6143.779999999991
2,0.07,749.99,4,2,0,2018,Santa Cruz Bikes,Cruisers Bicycles,CA,1,2018-04-09,1394.98,1386.7295999999994
1,0.05,2599.0,4,2,0,2018,Baldwin Bikes,Mountain Bikes,NY,2,2018-04-09,2469.05,2407.2199999999966
2,0.2,959.99,4,2,1,2018,Rowlett Bikes,Road Bikes,TX,1,2018-04-10,1535.98,1595.6760000000004
1,0.1,4999.99,4,2,1,2018,Rowlett Bikes,Mountain Bikes,TX,1,2018-04-10,4499.99,4481.989999999994
2,0.05,899.99,4,2,1,2018,Rowlett Bikes,Comfort Bicycles,TX,1,2018-04-10,1709.98,1704.9439999999993
2,0.2,999.99,4,2,1,2018,Rowlett Bikes,Mountain Bikes,TX,1,2018-04-10,1599.98,1599.980000000001
2,0.1,3499.99,4,2,1,2018,Rowlett Bikes,Electric Bikes,TX,1,2018-04-10,6299.98,6292.9799999999905
2,0.1,899.99,4,2,1,2018,Santa Cruz Bikes,Cruisers Bicycles,CA,2,2018-04-10,1619.98,1640.8480000000009
2,0.05,2299.99,4,2,1,2018,Santa Cruz Bikes,Road Bikes,CA,2,2018-04-10,4369.98,4248.659999999995
2,0.05,4999.99,4,2,1,2018,Santa Cruz Bikes,Electric Bikes,CA,2,2018-04-10,9499.98,9488.679999999988
1,0.1,749.99,4,2,1,2018,Santa Cruz Bikes,Road Bikes,CA,2,2018-04-10,674.99,674.9899999999994
2,0.05,4999.99,4,2,1,2018,Santa Cruz Bikes,Electric Bikes,CA,2,2018-04-10,9499.98,9488.679999999988
2,0.2,329.99,4,2,2,2018,Baldwin Bikes,Children Bicycles,NY,2,2018-04-11,527.98,524.6200000000009
2,0.07,899.99,4,2,2,2018,Rowlett Bikes,Comfort Bicycles,TX,2,2018-04-11,1673.98,1683.4527999999982
2,0.2,3499.99,4,2,2,2018,Rowlett Bikes,Electric Bikes,TX,2,2018-04-11,5599.98,5599.979999999992
1,0.05,4499.99,4,2,2,2018,Rowlett Bikes,Electric Bikes,TX,2,2018-04-11,4274.99,4101.989999999994
2,0.05,289.99,4,2,2,2018,Baldwin Bikes,Children Bicycles,NY,2,2018-04-11,550.98,569.9800000000012
1,0.2,346.99,4,2,2,2018,Baldwin Bikes,Cruisers Bicycles,NY,2,2018-04-11,277.59,280.22200000000015
2,0.1,89.99,4,2,2,2018,Rowlett Bikes,Children Bicycles,TX,2,2018-04-11,161.98,175.13399999999976
2,0.07,1499.0,4,2,2,2018,Baldwin Bikes,Mountain Bikes,NY,2,2018-04-11,2788.14,2785.1140000000028
1,0.2,4499.99,4,2,2,2018,Baldwin Bikes,Road Bikes,NY,2,2018-04-11,3599.99,3642.389999999995
2,0.07,2599.99,4,2,2,2018,Santa Cruz Bikes,Comfort Bicycles,CA,1,2018-04-11,4835.98,4704.059999999994
2,0.05,2499.99,4,2,2,2018,Santa Cruz Bikes,Road Bikes,CA,1,2018-04-11,4749.98,4701.669999999994
2,0.1,679.99,4,2,2,2018,Santa Cruz Bikes,Comfort Bicycles,CA,1,2018-04-11,1223.98,1239.9199999999996
2,0.05,679.99,4,2,2,2018,Santa Cruz Bikes,Cruisers Bicycles,CA,1,2018-04-11,1291.98,1280.7399999999989
2,0.2,209.99,4,2,2,2018,Santa Cruz Bikes,Children Bicycles,CA,2,2018-04-11,335.98,335.97999999999973
2,0.2,1199.99,4,2,2,2018,Santa Cruz Bikes,Cruisers Bicycles,CA,2,2018-04-11,1919.98,1769.1160000000016
2,0.2,2299.99,4,2,2,2018,Santa Cruz Bikes,Electric Bikes,CA,2,2018-04-11,3679.98,3695.9599999999978
1,0.1,2599.99,4,2,2,2018,Santa Cruz Bikes,Cruisers Bicycles,CA,2,2018-04-11,2339.99,2338.169999999997
2,0.1,3199.99,4,2,2,2018,Santa Cruz Bikes,Road Bikes,CA,2,2018-04-11,5759.98,5811.179999999992
2,0.05,2999.99,4,2,2,2018,Santa Cruz Bikes,Cruisers Bicycles,CA,1,2018-04-11,5699.98,5686.679999999992
1,0.07,1549.99,4,2,3,2018,Baldwin Bikes,Road Bikes,NY,2,2018-04-12,1441.49,1443.8067000000012
1,0.1,5499.99,4,2,3,2018,Baldwin Bikes,Road Bikes,NY,2,2018-04-12,4949.99,4947.329999999994
1,0.1,749.99,4,2,3,2018,Baldwin Bikes,Cruisers Bicycles,NY,2,2018-04-12,674.99,674.9899999999994
1,0.05,679.99,4,2,3,2018,Baldwin Bikes,Cruisers Bicycles,NY,2,2018-04-12,645.99,625.4023999999994
1,0.1,469.99,4,2,3,2018,Rowlett Bikes,Mountain Bikes,TX,2,2018-04-12,422.99,422.99000000000007
1,0.05,299.99,4,2,3,2018,Rowlett Bikes,Children Bicycles,TX,1,2018-04-12,284.99,284.9900000000006
2,0.05,1999.99,4,2,3,2018,Rowlett Bikes,Road Bikes,TX,2,2018-04-12,3799.98,3741.4599999999978
2,0.2,429.99,4,2,3,2018,Rowlett Bikes,Cruisers Bicycles,TX,1,2018-04-12,687.98,686.9004000000008
1,0.07,2799.99,4,2,3,2018,Baldwin Bikes,Electric Bikes,NY,2,2018-04-12,2603.99,2529.7699999999963
2,0.1,5999.99,4,2,3,2018,Rowlett Bikes,Road Bikes,TX,1,2018-04-12,10799.98,11200.179999999988
1,0.05,551.99,4,2,3,2018,Rowlett Bikes,Comfort Bicycles,TX,2,2018-04-12,524.39,524.6939999999996
2,0.07,1349.0,4,2,3,2018,Baldwin Bikes,Road Bikes,NY,2,2018-04-12,2509.14,2358.165600000002
2,0.2,319.99,4,2,3,2018,Baldwin Bikes,Children Bicycles,NY,1,2018-04-12,511.98,519.180000000001
2,0.2,2999.99,4,2,3,2018,Baldwin Bikes,Cruisers Bicycles,NY,1,2018-04-12,4799.98,4844.779999999993
1,0.2,449.99,4,2,3,2018,Baldwin Bikes,Comfort Bicycles,NY,1,2018-04-12,359.99,359.9900000000005
1,0.1,1549.0,4,2,3,2018,Baldwin Bikes,Road Bikes,NY,1,2018-04-12,1394.1,1394.120400000002
2,0.2,749.99,4,2,3,2018,Baldwin Bikes,Comfort Bicycles,NY,1,2018-04-12,1199.98,1200.363999999999
1,0.07,1469.99,4,2,3,2018,Santa Cruz Bikes,Mountain Bikes,CA,1,2018-04-12,1367.09,1370.8819999999978
1,0.07,1599.99,4,2,3,2018,Santa Cruz Bikes,Mountain Bikes,CA,1,2018-04-12,1487.99,1502.1687999999974
1,0.1,299.99,4,2,3,2018,Santa Cruz Bikes,Children Bicycles,CA,1,2018-04-12,269.99,269.9900000000005
2,0.2,1499.99,4,2,3,2018,Santa Cruz Bikes,Mountain Bikes,CA,1,2018-04-12,2399.98,2396.2072000000026
1,0.1,999.99,4,2,3,2018,Santa Cruz Bikes,Mountain Bikes,CA,1,2018-04-12,899.99,895.9400000000009
2,0.2,679.99,4,2,3,2018,Santa Cruz Bikes,Comfort Bicycles,CA,1,2018-04-12,1087.98,1113.3879999999992
1,0.2,489.99,4,2,3,2018,Santa Cruz Bikes,Children Bicycles,CA,1,2018-04-12,391.99,391.9900000000003
1,0.1,6499.99,4,2,3,2018,Baldwin Bikes,Road Bikes,NY,2,2018-04-12,5849.99,5881.139999999994
1,0.1,349.99,4,2,4,2018,Baldwin Bikes,Children Bicycles,NY,2,2018-04-13,314.99,314.81600000000066
1,0.1,6499.99,4,2,4,2018,Baldwin Bikes,Road Bikes,NY,2,2018-04-13,5849.99,5860.989999999994
2,0.1,899.99,4,2,4,2018,Baldwin Bikes,Cruisers Bicycles,NY,2,2018-04-13,1619.98,1650.2476000000004
1,0.1,647.99,4,2,4,2018,Baldwin Bikes,Cruisers Bicycles,NY,2,2018-04-13,583.19,585.9260000000005
2,0.1,269.99,4,2,4,2018,Santa Cruz Bikes,Cruisers Bicycles,CA,1,2018-04-13,485.98,485.9800000000008
2,0.07,2999.99,4,2,4,2018,Baldwin Bikes,Cyclocross Bicycles,NY,2,2018-04-13,5579.98,5573.119999999993
1,0.1,1899.0,4,2,4,2018,Santa Cruz Bikes,Mountain Bikes,CA,1,2018-04-13,1709.1,1619.99
1,0.1,749.99,4,2,4,2018,Santa Cruz Bikes,Mountain Bikes,CA,1,2018-04-13,674.99,674.9899999999994
2,0.1,229.99,4,2,4,2018,Baldwin Bikes,Children Bicycles,NY,2,2018-04-13,413.98,377.8600000000001
2,0.2,2299.99,4,2,5,2018,Baldwin Bikes,Electric Bikes,NY,2,2018-04-14,3679.98,3657.5799999999977
2,0.07,2799.99,4,2,5,2018,Baldwin Bikes,Electric Bikes,NY,2,2018-04-14,5207.98,5176.479999999992
1,0.2,2199.99,4,2,5,2018,Baldwin Bikes,Road Bikes,NY,2,2018-04-14,1759.99,1870.7899999999988
2,0.05,599.99,4,2,5,2018,Baldwin Bikes,Cruisers Bicycles,NY,2,2018-04-14,1139.98,1139.979999999999
1,0.05,209.99,4,2,5,2018,Baldwin Bikes,Children Bicycles,NY,2,2018-04-14,199.49,199.28000000000014
2,0.2,3199.99,4,2,5,2018,Baldwin Bikes,Road Bikes,NY,2,2018-04-14,5119.98,5204.7799999999925
2,0.2,199.99,4,2,5,2018,Baldwin Bikes,Children Bicycles,NY,2,2018-04-14,319.98,306.5399999999996
1,0.05,1469.99,4,2,5,2018,Baldwin Bikes,Mountain Bikes,NY,2,2018-04-14,1396.49,1398.0920000000012
1,0.1,3499.99,4,2,5,2018,Baldwin Bikes,Electric Bikes,NY,2,2018-04-14,3149.99,3118.8899999999953
2,0.05,469.99,4,2,6,2018,Rowlett Bikes,Mountain Bikes,TX,1,2018-04-15,892.98,893.664
2,0.05,549.99,4,2,6,2018,Rowlett Bikes,Cruisers Bicycles,TX,1,2018-04-15,1044.98,1045.0179999999993
2,0.05,899.99,4,2,6,2018,Baldwin Bikes,Comfort Bicycles,NY,2,2018-04-15,1709.98,1713.2215999999994
1,0.2,2299.99,4,2,6,2018,Baldwin Bikes,Electric Bikes,NY,2,2018-04-15,1839.99,1859.5899999999988
1,0.07,3299.99,4,2,6,2018,Baldwin Bikes,Cyclocross Bicycles,NY,2,2018-04-15,3068.99,3019.189999999996
2,0.07,1409.99,4,2,6,2018,Baldwin Bikes,Mountain Bikes,NY,2,2018-04-15,2622.58,2633.8084000000013
2,0.05,849.99,4,2,6,2018,Baldwin Bikes,Cruisers Bicycles,NY,1,2018-04-15,1614.98,1586.8566000000003
1,0.07,1469.99,4,2,6,2018,Baldwin Bikes,Mountain Bikes,NY,2,2018-04-15,1367.09,1378.4419999999996
1,0.2,1799.99,4,2,0,2018,Baldwin Bikes,Mountain Bikes,NY,1,2018-04-16,1439.99,1455.9900000000011
2,0.05,349.99,4,2,0,2018,Baldwin Bikes,Children Bicycles,NY,1,2018-04-16,664.98,663.1180000000012
2,0.07,959.99,4,2,0,2018,Baldwin Bikes,Road Bikes,NY,1,2018-04-16,1785.58,1715.3751999999984
1,0.2,209.99,4,2,0,2018,Baldwin Bikes,Children Bicycles,NY,1,2018-04-16,167.99,167.98999999999987
2,0.1,449.99,4,2,0,2018,Baldwin Bikes,Comfort Bicycles,NY,1,2018-04-16,809.98,809.9622000000003
1,0.2,279.99,4,2,0,2018,Baldwin Bikes,Children Bicycles,NY,2,2018-04-16,223.99,215.99000000000026
2,0.1,379.99,4,2,0,2018,Baldwin Bikes,Mountain Bikes,NY,2,2018-04-16,683.98,689.0560000000008
2,0.2,3499.99,4,2,0,2018,Baldwin Bikes,Road Bikes,NY,2,2018-04-16,5599.98,5599.979999999992
1,0.2,402.99,4,2,0,2018,Baldwin Bikes,Cruisers Bicycles,NY,2,2018-04-16,322.39,322.24599999999964
2,0.05,2499.99,4,2,0,2018,Baldwin Bikes,Mountain Bikes,NY,2,2018-04-16,4749.98,4677.249999999994
1,0.1,429.0,4,2,0,2018,Baldwin Bikes,Cruisers Bicycles,NY,2,2018-04-16,386.1,385.8837999999993
2,0.1,3199.99,4,2,0,2018,Baldwin Bikes,Mountain Bikes,NY,2,2018-04-16,5759.98,5855.779999999992
2,0.07,599.99,4,2,0,2018,Baldwin Bikes,Cruisers Bicycles,NY,2,2018-04-16,1115.98,1115.979999999999
2,0.1,11999.99,4,2,0,2018,Baldwin Bikes,Road Bikes,NY,2,2018-04-16,21599.98,11766.279999999988
1,0.2,647.99,4,2,0,2018,Santa Cruz Bikes,Cruisers Bicycles,CA,1,2018-04-16,518.39,521.3659999999996
2,0.05,5499.99,4,2,0,2018,Santa Cruz Bikes,Road Bikes,CA,1,2018-04-16,10449.98,10297.079999999987
1,0.05,479.99,4,2,0,2018,Santa Cruz Bikes,Cruisers Bicycles,CA,1,2018-04-16,455.99,457.42449999999974
1,0.07,749.99,4,2,0,2018,Santa Cruz Bikes,Cruisers Bicycles,CA,1,2018-04-16,697.49,697.4899999999997
2,0.05,416.99,4,2,0,2018,Santa Cruz Bikes,Cruisers Bicycles,CA,1,2018-04-16,792.28,792.2799999999992
2,0.05,149.99,4,2,0,2018,Baldwin Bikes,Children Bicycles,NY,2,2018-04-16,284.98,283.95999999999964
2,0.05,749.99,4,2,1,2018,Baldwin Bikes,Cruisers Bicycles,NY,1,2018-04-17,1424.98,1416.6199999999997
2,0.1,699.99,4,2,1,2018,Baldwin Bikes,Cruisers Bicycles,NY,1,2018-04-17,1259.98,1249.0959999999995
2,0.05,559.99,4,2,1,2018,Baldwin Bikes,Comfort Bicycles,NY,1,2018-04-17,1063.98,1048.741999999999
1,0.07,659.99,4,2,1,2018,Baldwin Bikes,Cruisers Bicycles,NY,1,2018-04-17,613.79,613.1204000000005
2,0.1,2799.99,4,2,1,2018,Baldwin Bikes,Electric Bikes,NY,1,2018-04-17,5039.98,5057.379999999993
2,0.05,1469.99,4,2,1,2018,Baldwin Bikes,Mountain Bikes,NY,1,2018-04-17,2792.98,2786.9860000000026
2,0.05,149.99,4,2,1,2018,Baldwin Bikes,Children Bicycles,NY,1,2018-04-17,284.98,284.4099999999996
2,0.2,3999.99,4,2,1,2018,Baldwin Bikes,Cyclocross Bicycles,NY,1,2018-04-17,6399.98,6023.979999999992
1,0.1,2299.99,4,2,1,2018,Baldwin Bikes,Electric Bikes,NY,1,2018-04-17,2069.99,2086.0099999999975
1,0.05,469.99,4,2,1,2018,Baldwin Bikes,Mountain Bikes,NY,1,2018-04-17,446.49,446.49
1,0.07,5499.99,4,2,1,2018,Baldwin Bikes,Road Bikes,NY,1,2018-04-17,5114.99,5067.4099999999935
1,0.2,959.99,4,2,1,2018,Baldwin Bikes,Road Bikes,NY,1,2018-04-17,767.99,750.518
1,0.07,3499.99,4,2,1,2018,Santa Cruz Bikes,Electric Bikes,CA,1,2018-04-17,3254.99,3242.4399999999955
2,0.2,416.99,4,2,1,2018,Santa Cruz Bikes,Comfort Bicycles,CA,1,2018-04-17,667.18,667.3722000000001
1,0.1,469.99,4,2,1,2018,Santa Cruz Bikes,Mountain Bikes,CA,1,2018-04-17,422.99,422.99000000000007
1,0.2,3599.99,4,2,1,2018,Santa Cruz Bikes,Electric Bikes,CA,1,2018-04-17,2879.99,2799.989999999996
2,0.2,449.99,4,2,1,2018,Santa Cruz Bikes,Comfort Bicycles,CA,1,2018-04-17,719.98,719.980000000001
1,0.05,499.99,4,2,1,2018,Santa Cruz Bikes,Comfort Bicycles,CA,2,2018-04-17,474.99,471.89299999999986
1,0.1,749.99,4,2,1,2018,Santa Cruz Bikes,Cruisers Bicycles,CA,2,2018-04-17,674.99,674.9899999999994
2,0.1,2799.99,4,2,1,2018,Santa Cruz Bikes,Electric Bikes,CA,2,2018-04-17,5039.98,5061.759999999993
1,0.1,6499.99,4,2,1,2018,Santa Cruz Bikes,Road Bikes,CA,2,2018-04-17,5849.99,5882.439999999994
1,0.1,869.99,4,2,1,2018,Santa Cruz Bikes,Mountain Bikes,CA,1,2018-04-17,782.99,786.1238000000002
2,0.2,3499.99,4,2,1,2018,Santa Cruz Bikes,Cyclocross Bicycles,CA,1,2018-04-17,5599.98,5585.579999999992
2,0.1,3499.99,4,2,1,2018,Santa Cruz Bikes,Electric Bikes,CA,1,2018-04-17,6299.98,6292.9799999999905
1,0.2,3199.99,4,2,2,2018,Baldwin Bikes,Road Bikes,NY,1,2018-04-18,2559.99,2567.9899999999966
2,0.2,3499.99,4,2,2,2018,Baldwin Bikes,Road Bikes,NY,2,2018-04-18,5599.98,5599.979999999992
1,0.07,659.99,4,2,2,2018,Baldwin Bikes,Cruisers Bicycles,NY,2,2018-04-18,613.79,613.1204000000005
2,0.05,1899.0,4,2,2,2018,Baldwin Bikes,Mountain Bikes,NY,1,2018-04-18,3608.1,3422.2599999999993
1,0.1,289.99,4,2,2,2018,Baldwin Bikes,Children Bicycles,NY,2,2018-04-18,260.99,254.69000000000042
2,0.05,469.99,4,2,2,2018,Baldwin Bikes,Mountain Bikes,NY,2,2018-04-18,892.98,892.98
2,0.1,899.99,4,2,2,2018,Baldwin Bikes,Cruisers Bicycles,NY,2,2018-04-18,1619.98,1641.9196000000004
1,0.1,469.99,4,2,2,2018,Baldwin Bikes,Mountain Bikes,NY,1,2018-04-18,422.99,422.99000000000007
1,0.05,2999.99,4,2,2,2018,Santa Cruz Bikes,Cruisers Bicycles,CA,2,2018-04-18,2849.99,2854.099999999996
2,0.1,549.99,4,2,2,2018,Baldwin Bikes,Comfort Bicycles,NY,1,2018-04-18,989.98,989.9799999999996
1,0.2,279.99,4,2,2,2018,Santa Cruz Bikes,Children Bicycles,CA,1,2018-04-18,223.99,215.99000000000026
1,0.05,749.99,4,2,2,2018,Santa Cruz Bikes,Road Bikes,CA,1,2018-04-18,712.49,712.4899999999999
1,0.05,209.99,4,2,2,2018,Santa Cruz Bikes,Children Bicycles,CA,2,2018-04-18,199.49,199.32200000000014
1,0.1,549.99,4,2,2,2018,Santa Cruz Bikes,Cruisers Bicycles,CA,2,2018-04-18,494.99,494.9899999999998
1,0.07,489.99,4,2,2,2018,Santa Cruz Bikes,Comfort Bicycles,CA,2,2018-04-18,455.69,455.78800000000024
1,0.1,6499.99,4,2,2,2018,Baldwin Bikes,Road Bikes,NY,1,2018-04-18,5849.99,5886.339999999994
1,0.07,2599.99,4,2,3,2018,Baldwin Bikes,Cruisers Bicycles,NY,1,2018-04-19,2417.99,2416.499999999997
1,0.2,2699.99,4,2,3,2018,Baldwin Bikes,Road Bikes,NY,1,2018-04-19,2159.99,2154.3899999999976
1,0.05,2899.99,4,2,3,2018,Baldwin Bikes,Mountain Bikes,NY,1,2018-04-19,2754.99,2755.3599999999965
1,0.07,999.99,4,2,3,2018,Baldwin Bikes,Mountain Bikes,NY,1,2018-04-19,929.99,928.4900000000011
2,0.07,1409.99,4,2,3,2018,Baldwin Bikes,Mountain Bikes,NY,1,2018-04-19,2622.58,2635.8244000000013
2,0.07,1349.0,4,2,3,2018,Santa Cruz Bikes,Road Bikes,CA,2,2018-04-19,2509.14,2358.605600000002
2,0.07,3199.99,4,2,4,2018,Baldwin Bikes,Mountain Bikes,NY,1,2018-04-20,5951.98,6061.579999999991
1,0.2,250.99,4,2,4,2018,Baldwin Bikes,Cruisers Bicycles,NY,1,2018-04-20,200.79,200.78200000000052
1,0.07,3499.99,4,2,4,2018,Rowlett Bikes,Electric Bikes,TX,2,2018-04-20,3254.99,3242.089999999995
1,0.2,3199.99,4,2,4,2018,Baldwin Bikes,Road Bikes,NY,1,2018-04-20,2559.99,2567.9899999999966
2,0.05,279.99,4,2,4,2018,Baldwin Bikes,Children Bicycles,NY,2,2018-04-20,531.98,512.9800000000009
2,0.07,2199.99,4,2,4,2018,Baldwin Bikes,Road Bikes,NY,2,2018-04-20,4091.98,4178.519999999995
2,0.1,3199.99,4,2,4,2018,Baldwin Bikes,Road Bikes,NY,2,2018-04-20,5759.98,5807.979999999992
2,0.2,999.99,4,2,4,2018,Baldwin Bikes,Mountain Bikes,NY,1,2018-04-20,1599.98,1599.980000000001
1,0.1,319.99,4,2,4,2018,Baldwin Bikes,Cruisers Bicycles,NY,2,2018-04-20,287.99,298.42700000000053
1,0.1,449.0,4,2,4,2018,Baldwin Bikes,Cruisers Bicycles,NY,2,2018-04-20,404.1,403.93779999999924
2,0.07,339.99,4,2,4,2018,Baldwin Bikes,Children Bicycles,NY,2,2018-04-20,632.38,632.9529999999992
1,0.2,1469.99,4,2,4,2018,Baldwin Bikes,Mountain Bikes,NY,1,2018-04-20,1175.99,1177.430000000002
1,0.1,899.99,4,2,5,2018,Santa Cruz Bikes,Comfort Bicycles,CA,2,2018-04-21,809.99,812.3299999999998
1,0.07,533.99,4,2,5,2018,Santa Cruz Bikes,Comfort Bicycles,CA,2,2018-04-21,496.61,496.4240000000004
1,0.2,4999.99,4,2,5,2018,Santa Cruz Bikes,Road Bikes,CA,2,2018-04-21,3999.99,4002.389999999994
1,0.2,319.99,4,2,5,2018,Santa Cruz Bikes,Children Bicycles,CA,2,2018-04-21,255.99,265.91000000000054
2,0.05,4999.99,4,2,5,2018,Santa Cruz Bikes,Electric Bikes,CA,1,2018-04-21,9499.98,9488.679999999988
2,0.2,679.99,4,2,5,2018,Santa Cruz Bikes,Cruisers Bicycles,CA,2,2018-04-21,1087.98,1113.771999999999
1,0.05,919.99,4,2,5,2018,Santa Cruz Bikes,Road Bikes,CA,1,2018-04-21,873.99,852.2866000000012
1,0.1,899.99,4,2,5,2018,Santa Cruz Bikes,Cruisers Bicycles,CA,2,2018-04-21,809.99,812.771
1,0.1,209.99,4,2,5,2018,Santa Cruz Bikes,Children Bicycles,CA,2,2018-04-21,188.99,188.99000000000007
1,0.07,379.99,4,2,5,2018,Santa Cruz Bikes,Mountain Bikes,CA,2,2018-04-21,353.39,355.2088000000001
1,0.1,269.99,4,2,5,2018,Santa Cruz Bikes,Cruisers Bicycles,CA,1,2018-04-21,242.99,244.8800000000004
1,0.07,899.99,4,2,5,2018,Santa Cruz Bikes,Comfort Bicycles,CA,1,2018-04-21,836.99,826.174199999999
1,0.07,299.99,4,2,5,2018,Santa Cruz Bikes,Children Bicycles,CA,2,2018-04-21,278.99,279.17600000000056
2,0.2,679.99,4,2,6,2018,Rowlett Bikes,Comfort Bicycles,TX,1,2018-04-22,1087.98,1112.9399999999991
1,0.05,3199.99,4,2,6,2018,Rowlett Bikes,Mountain Bikes,TX,1,2018-04-22,3039.99,2987.419999999996
2,0.05,899.99,4,2,6,2018,Rowlett Bikes,Cruisers Bicycles,TX,1,2018-04-22,1709.98,1713.688000000001
2,0.2,599.99,4,2,6,2018,Baldwin Bikes,Cruisers Bicycles,NY,1,2018-04-22,959.98,959.9799999999997
1,0.2,2999.99,4,2,6,2018,Rowlett Bikes,Electric Bikes,TX,1,2018-04-22,2399.99,2403.189999999997
2,0.1,699.99,4,2,6,2018,Baldwin Bikes,Comfort Bicycles,NY,1,2018-04-22,1259.98,1239.6359999999993
1,0.07,11999.99,4,2,6,2018,Baldwin Bikes,Road Bikes,NY,2,2018-04-22,11159.99,6047.289999999993
1,0.1,2999.99,4,2,6,2018,Baldwin Bikes,Cruisers Bicycles,NY,2,2018-04-22,2699.99,2694.6499999999965
1,0.07,559.99,4,2,6,2018,Baldwin Bikes,Cruisers Bicycles,NY,1,2018-04-22,520.79,525.3893999999992
1,0.05,319.99,4,2,0,2018,Baldwin Bikes,Children Bicycles,NY,2,2018-04-23,303.99,311.2030000000005
2,0.2,749.99,4,2,0,2018,Baldwin Bikes,Cruisers Bicycles,NY,2,2018-04-23,1199.98,1201.1319999999987
1,0.05,899.99,4,2,0,2018,Baldwin Bikes,Comfort Bicycles,NY,2,2018-04-23,854.99,851.0218000000011
2,0.07,3599.99,4,2,0,2018,Baldwin Bikes,Electric Bikes,NY,2,2018-04-23,6695.98,6512.779999999991
2,0.05,279.99,4,2,0,2018,Baldwin Bikes,Children Bicycles,NY,1,2018-04-23,531.98,512.9800000000009
2,0.07,2599.0,4,2,0,2018,Baldwin Bikes,Mountain Bikes,NY,1,2018-04-23,4834.14,4684.139999999994
2,0.2,799.99,4,2,0,2018,Baldwin Bikes,Comfort Bicycles,NY,1,2018-04-23,1279.98,1323.5319999999992
2,0.1,470.99,4,2,0,2018,Baldwin Bikes,Comfort Bicycles,NY,1,2018-04-23,847.78,847.9059999999992
2,0.05,279.99,4,2,0,2018,Baldwin Bikes,Children Bicycles,NY,1,2018-04-23,531.98,512.9800000000009
2,0.05,3499.99,4,2,0,2018,Baldwin Bikes,Electric Bikes,NY,2,2018-04-23,6649.98,6648.579999999991
1,0.05,416.99,4,2,0,2018,Baldwin Bikes,Cruisers Bicycles,NY,2,2018-04-23,396.14,395.8897999999996
2,0.1,89.99,4,2,0,2018,Santa Cruz Bikes,Children Bicycles,CA,2,2018-04-23,161.98,192.77399999999986
2,0.05,469.99,4,2,0,2018,Santa Cruz Bikes,Mountain Bikes,CA,2,2018-04-23,892.98,892.9989999999999
1,0.07,269.99,4,2,0,2018,Santa Cruz Bikes,Cruisers Bicycles,CA,2,2018-04-23,251.09,251.09000000000012
2,0.1,3999.99,4,2,0,2018,Santa Cruz Bikes,Cyclocross Bicycles,CA,2,2018-04-23,7199.98,6783.379999999991
1,0.07,539.99,4,2,0,2018,Santa Cruz Bikes,Mountain Bikes,CA,2,2018-04-23,502.19,502.0784000000004
1,0.1,469.99,4,2,0,2018,Santa Cruz Bikes,Mountain Bikes,CA,1,2018-04-23,422.99,422.99000000000007
2,0.07,899.99,4,2,0,2018,Santa Cruz Bikes,Cruisers Bicycles,CA,2,2018-04-23,1673.98,1684.1667999999997
2,0.1,529.99,4,2,0,2018,Santa Cruz Bikes,Cruisers Bicycles,CA,2,2018-04-23,953.98,954.3039999999996
1,0.07,919.99,4,2,0,2018,Santa Cruz Bikes,Mountain Bikes,CA,2,2018-04-23,855.59,840.4099999999993
1,0.05,2999.99,4,2,0,2018,Santa Cruz Bikes,Electric Bikes,CA,2,2018-04-23,2849.99,2849.989999999996
2,0.2,209.99,4,2,0,2018,Santa Cruz Bikes,Children Bicycles,CA,2,2018-04-23,335.98,335.97999999999973
2,0.07,469.99,4,2,1,2018,Santa Cruz Bikes,Mountain Bikes,CA,2,2018-04-24,874.18,874.1799999999984
2,0.2,149.99,4,2,1,2018,Santa Cruz Bikes,Children Bicycles,CA,2,2018-04-24,239.98,240.66999999999965
2,0.1,346.99,4,2,1,2018,Santa Cruz Bikes,Cruisers Bicycles,CA,2,2018-04-24,624.58,625.0660000000013
1,0.07,279.99,4,2,1,2018,Santa Cruz Bikes,Children Bicycles,CA,2,2018-04-24,260.39,251.09000000000012
1,0.1,899.99,4,2,1,2018,Santa Cruz Bikes,Cruisers Bicycles,CA,2,2018-04-24,809.99,816.7796
1,0.05,3499.99,4,2,1,2018,Santa Cruz Bikes,Road Bikes,CA,2,2018-04-24,3324.99,3311.2499999999955
1,0.1,489.99,4,2,2,2018,Santa Cruz Bikes,Cruisers Bicycles,CA,2,2018-04-25,440.99,440.774
1,0.2,289.99,4,2,2,2018,Santa Cruz Bikes,Children Bicycles,CA,2,2018-04-25,231.99,234.71000000000032
1,0.07,599.99,4,2,2,2018,Santa Cruz Bikes,Cruisers Bicycles,CA,1,2018-04-25,557.99,555.1299999999997
2,0.07,1499.99,4,2,2,2018,Santa Cruz Bikes,Mountain Bikes,CA,1,2018-04-25,2789.98,2784.2140000000027
1,0.05,529.99,4,2,2,2018,Baldwin Bikes,Cruisers Bicycles,NY,1,2018-04-25,503.49,503.6039999999997
2,0.2,289.99,4,2,2,2018,Baldwin Bikes,Children Bicycles,NY,1,2018-04-25,463.98,480.3000000000008
1,0.2,3199.99,4,2,3,2018,Santa Cruz Bikes,Road Bikes,CA,1,2018-04-26,2559.99,2567.9899999999966
1,0.1,832.99,4,2,3,2018,Santa Cruz Bikes,Mountain Bikes,CA,1,2018-04-26,749.69,750.106500000001
1,0.1,481.99,4,2,3,2018,Santa Cruz Bikes,Comfort Bicycles,CA,2,2018-04-26,433.79,434.81600000000054
2,0.07,209.99,4,2,3,2018,Baldwin Bikes,Children Bicycles,NY,1,2018-04-26,390.58,388.8400000000009
2,0.05,647.99,4,2,3,2018,Santa Cruz Bikes,Cruisers Bicycles,CA,2,2018-04-26,1231.18,1240.4775999999981
2,0.07,799.99,4,2,3,2018,Santa Cruz Bikes,Comfort Bicycles,CA,2,2018-04-26,1487.98,1515.0527999999995
1,0.05,319.99,4,2,3,2018,Santa Cruz Bikes,Children Bicycles,CA,1,2018-04-26,303.99,311.37800000000055
2,0.05,3499.99,4,2,3,2018,Santa Cruz Bikes,Cyclocross Bicycles,CA,2,2018-04-26,6649.98,6645.779999999991
1,0.07,369.99,4,2,3,2018,Santa Cruz Bikes,Children Bicycles,CA,1,2018-04-26,344.09,346.26080000000024
2,0.1,269.99,4,2,3,2018,Santa Cruz Bikes,Children Bicycles,CA,1,2018-04-26,485.98,485.9800000000008
2,0.1,869.99,4,2,3,2018,Santa Cruz Bikes,Mountain Bikes,CA,2,2018-04-26,1565.98,1573.9215999999994
1,0.1,299.99,4,2,3,2018,Santa Cruz Bikes,Children Bicycles,CA,1,2018-04-26,269.99,269.9900000000005
2,0.07,3999.99,4,2,3,2018,Santa Cruz Bikes,Cyclocross Bicycles,CA,1,2018-04-26,7439.98,7012.17999999999
2,0.1,449.99,4,2,3,2018,Santa Cruz Bikes,Comfort Bicycles,CA,1,2018-04-26,809.98,809.2600000000003
1,0.1,449.99,4,2,3,2018,Santa Cruz Bikes,Comfort Bicycles,CA,1,2018-04-26,404.99,404.81000000000023
2,0.07,1799.99,4,2,3,2018,Santa Cruz Bikes,Road Bikes,CA,2,2018-04-26,3347.98,3422.8999999999996
1,0.1,2799.99,4,2,3,2018,Santa Cruz Bikes,Electric Bikes,CA,2,2018-04-26,2519.99,2456.8099999999968
1,0.2,5299.99,4,2,3,2018,Santa Cruz Bikes,Mountain Bikes,CA,2,2018-04-26,4239.99,4303.589999999994
2,0.1,899.99,4,2,3,2018,Santa Cruz Bikes,Cruisers Bicycles,CA,2,2018-04-26,1619.98,1650.5980000000004
1,0.1,2799.99,4,2,3,2018,Santa Cruz Bikes,Electric Bikes,CA,1,2018-04-26,2519.99,2456.8099999999968
2,0.07,4999.99,4,2,4,2018,Baldwin Bikes,Mountain Bikes,NY,2,2018-04-27,9299.98,9169.779999999988
1,0.2,2999.99,4,2,4,2018,Baldwin Bikes,Electric Bikes,NY,2,2018-04-27,2399.99,2401.589999999997
2,0.05,209.99,4,2,4,2018,Baldwin Bikes,Children Bicycles,NY,2,2018-04-27,398.98,397.5640000000003
2,0.2,349.99,4,2,4,2018,Baldwin Bikes,Children Bicycles,NY,1,2018-04-27,559.98,559.9320000000012
1,0.07,2299.99,4,2,4,2018,Baldwin Bikes,Road Bikes,NY,2,2018-04-27,2138.99,2137.629999999998
1,0.07,469.99,4,2,4,2018,Baldwin Bikes,Mountain Bikes,NY,1,2018-04-27,437.09,437.0899999999992
2,0.1,2799.99,4,2,4,2018,Baldwin Bikes,Electric Bikes,NY,1,2018-04-27,5039.98,5057.619999999993
1,0.05,416.99,4,2,4,2018,Baldwin Bikes,Comfort Bicycles,NY,1,2018-04-27,396.14,396.1399999999996
2,0.07,6499.99,4,2,4,2018,Baldwin Bikes,Road Bikes,NY,1,2018-04-27,12089.98,12108.179999999988
2,0.05,1549.0,4,2,4,2018,Baldwin Bikes,Cyclocross Bicycles,NY,2,2018-04-27,2943.1,2943.1000000000013
2,0.07,3199.99,4,2,4,2018,Santa Cruz Bikes,Road Bikes,CA,1,2018-04-27,5951.98,5969.119999999992
2,0.05,2249.99,4,2,4,2018,Santa Cruz Bikes,Mountain Bikes,CA,2,2018-04-27,4274.98,4240.0799999999945
2,0.07,349.99,4,2,4,2018,Santa Cruz Bikes,Children Bicycles,CA,2,2018-04-27,650.98,650.7940000000013
2,0.2,469.99,4,2,4,2018,Santa Cruz Bikes,Mountain Bikes,CA,2,2018-04-27,751.98,751.9800000000007
2,0.2,279.99,4,2,4,2018,Santa Cruz Bikes,Children Bicycles,CA,2,2018-04-27,447.98,431.98000000000053
1,0.07,299.99,4,2,4,2018,Santa Cruz Bikes,Children Bicycles,CA,1,2018-04-27,278.99,279.17600000000056
1,0.2,599.99,4,2,4,2018,Santa Cruz Bikes,Cruisers Bicycles,CA,1,2018-04-27,479.99,479.98999999999984
2,0.1,2499.99,4,2,4,2018,Santa Cruz Bikes,Mountain Bikes,CA,2,2018-04-27,4499.98,4531.029999999994
1,0.2,799.99,4,2,4,2018,Santa Cruz Bikes,Cruisers Bicycles,CA,2,2018-04-27,639.99,641.5339999999993
2,0.05,639.99,4,2,4,2018,Santa Cruz Bikes,Cruisers Bicycles,CA,2,2018-04-27,1215.98,1239.8695999999982
1,0.2,289.99,4,2,4,2018,Santa Cruz Bikes,Children Bicycles,CA,2,2018-04-27,231.99,234.71000000000032
1,0.07,2599.99,4,2,5,2018,Rowlett Bikes,Road Bikes,TX,1,2018-04-28,2417.99,2423.7399999999966
1,0.1,449.0,4,2,5,2018,Rowlett Bikes,Cruisers Bicycles,TX,2,2018-04-28,404.1,403.93779999999924
1,0.05,349.99,4,2,5,2018,Rowlett Bikes,Children Bicycles,TX,2,2018-04-28,332.49,331.98900000000066
1,0.07,3199.99,4,2,5,2018,Rowlett Bikes,Road Bikes,TX,1,2018-04-28,2975.99,2976.979999999996
1,0.1,533.99,4,2,5,2018,Baldwin Bikes,Comfort Bicycles,NY,1,2018-04-28,480.59,481.1299999999992
2,0.1,402.99,4,2,5,2018,Baldwin Bikes,Cruisers Bicycles,NY,1,2018-04-28,725.38,729.5373999999996
1,0.2,379.99,4,2,5,2018,Baldwin Bikes,Mountain Bikes,NY,2,2018-04-28,303.99,305.4220000000004
1,0.1,919.99,4,2,6,2018,Rowlett Bikes,Road Bikes,TX,1,2018-04-29,827.99,818.2837999999997
2,0.07,3999.99,4,2,6,2018,Rowlett Bikes,Mountain Bikes,TX,1,2018-04-29,7439.98,7432.77999999999
2,0.07,269.99,4,2,6,2018,Rowlett Bikes,Cruisers Bicycles,TX,1,2018-04-29,502.18,502.18000000000023
1,0.2,1549.0,4,2,6,2018,Rowlett Bikes,Cyclocross Bicycles,TX,1,2018-04-29,1239.2,1239.2473999999984
2,0.2,579.99,4,2,6,2018,Rowlett Bikes,Mountain Bikes,TX,1,2018-04-29,927.98,955.3399999999996
1,0.2,832.99,4,2,6,2018,Baldwin Bikes,Mountain Bikes,NY,1,2018-04-29,666.39,670.4379999999996
1,0.05,319.99,4,2,6,2018,Baldwin Bikes,Children Bicycles,NY,1,2018-04-29,303.99,311.00000000000057
2,0.2,481.99,4,2,6,2018,Baldwin Bikes,Comfort Bicycles,NY,1,2018-04-29,771.18,772.9079999999993
1,0.2,189.99,4,2,6,2018,Santa Cruz Bikes,Children Bicycles,CA,2,2018-04-29,151.99,152.1499999999998
2,0.07,3499.99,4,2,6,2018,Santa Cruz Bikes,Road Bikes,CA,2,2018-04-29,6509.98,6509.9799999999905
1,0.2,599.99,4,2,6,2018,Santa Cruz Bikes,Cruisers Bicycles,CA,2,2018-04-29,479.99,479.98999999999984
1,0.1,4999.99,4,2,6,2018,Baldwin Bikes,Road Bikes,NY,1,2018-04-29,4499.99,4486.489999999994
2,0.05,229.99,4,2,0,2018,Baldwin Bikes,Children Bicycles,NY,2,2018-04-30,436.98,395.48800000000034
2,0.2,229.99,4,2,0,2018,Baldwin Bikes,Children Bicycles,NY,1,2018-04-30,367.98,335.97999999999973
2,0.05,899.99,4,2,0,2018,Baldwin Bikes,Cruisers Bicycles,NY,1,2018-04-30,1709.98,1705.7476000000006
2,0.05,416.99,4,2,0,2018,Baldwin Bikes,Cruisers Bicycles,NY,1,2018-04-30,792.28,792.2799999999992
1,0.07,379.99,4,2,0,2018,Baldwin Bikes,Mountain Bikes,NY,1,2018-04-30,353.39,352.11870000000005
1,0.1,209.99,6,2,6,2018,Baldwin Bikes,Children Bicycles,NY,3,2018-06-17,188.99,188.99000000000007
1,0.1,619.99,7,3,6,2018,Rowlett Bikes,Cruisers Bicycles,TX,3,2018-07-01,557.99,558.0619999999996
1,0.2,4499.99,7,3,6,2018,Rowlett Bikes,Electric Bikes,TX,3,2018-07-01,3599.99,3639.989999999995
2,0.1,1499.99,7,3,6,2018,Rowlett Bikes,Mountain Bikes,TX,3,2018-07-01,2699.98,2696.7586000000038
1,0.1,899.99,7,3,6,2018,Rowlett Bikes,Comfort Bicycles,TX,3,2018-07-01,809.99,811.4209999999999
1,0.07,999.99,7,3,6,2018,Rowlett Bikes,Mountain Bikes,TX,3,2018-07-01,929.99,928.4900000000011
1,0.1,209.99,7,3,1,2018,Rowlett Bikes,Children Bicycles,TX,3,2018-07-10,188.99,188.99000000000007
1,0.1,659.99,7,3,1,2018,Rowlett Bikes,Cruisers Bicycles,TX,3,2018-07-10,593.99,593.0179999999996
1,0.05,999.99,7,3,2,2018,Santa Cruz Bikes,Mountain Bikes,CA,3,2018-07-11,949.99,948.0900000000012
2,0.05,529.99,7,3,3,2018,Santa Cruz Bikes,Cruisers Bicycles,CA,3,2018-07-12,1006.98,1007.1319999999995
1,0.2,533.99,8,3,3,2018,Baldwin Bikes,Comfort Bicycles,NY,3,2018-08-23,427.19,427.254
1,0.2,349.99,8,3,3,2018,Baldwin Bikes,Children Bicycles,NY,3,2018-08-23,279.99,281.4300000000005
2,0.2,749.99,8,3,3,2018,Baldwin Bikes,Cruisers Bicycles,NY,3,2018-08-23,1199.98,1201.3239999999987
2,0.1,319.99,8,3,3,2018,Baldwin Bikes,Cruisers Bicycles,NY,3,2018-08-23,575.98,571.3000000000012
2,0.2,3199.99,8,3,5,2018,Baldwin Bikes,Road Bikes,NY,3,2018-08-25,5119.98,5210.179999999992
1,0.07,832.99,8,3,5,2018,Baldwin Bikes,Mountain Bikes,NY,3,2018-08-25,774.68,776.503699999999
1,0.07,2799.99,9,3,3,2018,Baldwin Bikes,Electric Bikes,NY,3,2018-09-06,2603.99,2525.2699999999963
2,0.1,3199.99,9,3,3,2018,Baldwin Bikes,Road Bikes,NY,3,2018-09-06,5759.98,5803.779999999992
1,0.2,749.99,9,3,3,2018,Baldwin Bikes,Cruisers Bicycles,NY,3,2018-09-06,599.99,600.5819999999994
1,0.1,699.99,10,4,6,2018,Santa Cruz Bikes,Cruisers Bicycles,CA,3,2018-10-21,629.99,593.8819999999995
2,0.05,319.99,10,4,6,2018,Santa Cruz Bikes,Children Bicycles,CA,3,2018-10-21,607.98,572.1880000000011
2,0.2,339.99,10,4,6,2018,Santa Cruz Bikes,Children Bicycles,CA,3,2018-10-21,543.98,549.7400000000011
2,0.07,319.99,10,4,6,2018,Santa Cruz Bikes,Children Bicycles,CA,3,2018-10-21,595.18,563.068000000001
1,0.1,1559.99,10,4,6,2018,Santa Cruz Bikes,Electric Bikes,CA,3,2018-10-21,1403.99,1406.9504000000015
1,0.07,4999.99,11,4,6,2018,Baldwin Bikes,Road Bikes,NY,3,2018-11-18,4649.99,4614.989999999994
2,0.05,319.99,11,4,6,2018,Baldwin Bikes,Children Bicycles,NY,3,2018-11-18,607.98,571.8040000000012
1,0.07,1499.0,11,4,2,2018,Rowlett Bikes,Mountain Bikes,TX,3,2018-11-28,1394.07,1393.0968000000014
2,0.07,2299.99,11,4,2,2018,Rowlett Bikes,Road Bikes,TX,3,2018-11-28,4277.98,4173.379999999996
2,0.2,269.99,11,4,2,2018,Rowlett Bikes,Cruisers Bicycles,TX,3,2018-11-28,431.98,431.98000000000053
2,0.2,2299.99,12,4,4,2018,Rowlett Bikes,Electric Bikes,TX,3,2018-12-28,3679.98,3695.9799999999977
1,0.07,899.99,12,4,4,2018,Rowlett Bikes,Cruisers Bicycles,TX,3,2018-12-28,836.99,829.486999999999
1,0.2,2499.99,12,4,4,2018,Rowlett Bikes,Road Bikes,TX,3,2018-12-28,1999.99,2044.989999999998
