product_name,category_name,brand_name,total_revenue,units_sold,avg_discount,avg_list_price,order_count,stock_action,high_value,revenue_per_unit,restock_priority
Electra Amsterdam Fashion 3i Ladies' - 2017/2018,Cruisers Bicycles,Electra,4004.95,5,0.09999999999999999,899.9900000000001,3,MONITOR,0,800.99,28.106536710662443
Electra Amsterdam Fashion 7i Ladies' - 2017,Cruisers Bicycles,Electra,39863.6,40,0.09958333333333334,1099.99,24,REORDER NOW,1,996.5899999999999,36.42811874023613
Electra Amsterdam Original 3i - 2015/2017,Cruisers Bicycles,Electra,18987.88,32,0.09863636363636363,659.99,22,REORDER NOW,1,593.37125,34.408029303604614
Electra Amsterdam Original 3i Ladies' - 2017,Cruisers Bicycles,Electra,17793.29,31,0.12695652173913044,659.99,23,MONITOR,1,573.9770967741936,33.74514180290933
Electra Amsterdam Royal 8i - 2017/2018,Cruisers Bicycles,Electra,1133.91,1,0.1,1259.9,1,MONITOR,0,1133.91,27.35436836590764
Electra Amsterdam Royal 8i Ladies - 2018,Cruisers Bicycles,Electra,3035.9700000000003,3,0.135,1199.99,2,MONITOR,0,1011.9900000000001,26.714043242672837
Electra Cruiser 1 (24-Inch) - 2016,Children Bicycles,Electra,34078.01,139,0.09311111111111112,269.99,90,REORDER NOW,1,245.16553956834534,54.205725104680056
Electra Cruiser 1 (24-Inch) - 2016,Cruisers Bicycles,Electra,37992.83,157,0.10388349514563108,269.99,103,MONITOR,1,241.99254777070064,57.70987369550582
Electra Cruiser 1 - 2016/2017/2018,Cruisers Bicycles,Electra,1682.0300000000002,7,0.10500000000000001,269.99,4,MONITOR,0,240.29000000000002,28.0620146177694
Electra Cruiser 1 Ladies' - 2018,Cruisers Bicycles,Electra,1482.24,6,0.085,269.99,4,MONITOR,0,247.04,28.647629812973157
Electra Cruiser 1 Tall - 2016/2018,Cruisers Bicycles,Electra,242.99,1,0.1,269.99,1,MONITOR,0,242.99,27.29022246126243
Electra Cruiser 7D (24-Inch) Ladies' - 2016/2018,Children Bicycles,Electra,892.77,3,0.07,319.99,3,MONITOR,0,297.59,28.78246092213066
Electra Cruiser 7D (24-Inch) Ladies' - 2016/2018,Cruisers Bicycles,Electra,1209.56,4,0.05666666666666667,319.99,3,MONITOR,0,302.39,29.20526968288646
Electra Cruiser 7D - 2016/2017/2018,Cruisers Bicycles,Electra,303.99,1,0.05,319.99,1,MONITOR,0,303.99,28.79461443830117
Electra Cruiser 7D Ladies' - 2016/2018,Cruisers Bicycles,Electra,591.98,2,0.07500000000000001,319.99,2,MONITOR,0,295.99,28.338076882624968
Electra Cruiser 7D Tall - 2016/2018,Cruisers Bicycles,Electra,873.5699999999999,3,0.085,319.99,2,MONITOR,0,291.19,28.058351256630537
Electra Cruiser Lux 1 - 2016/2018,Cruisers Bicycles,Electra,2175.74,6,0.15666666666666668,429.99,3,CONSIDER DROPPING,0,362.6233333333333,26.274834279202747
Electra Cruiser Lux 1 - 2017,Cruisers Bicycles,Electra,10432.14,26,0.09368421052631579,439.98999999999995,19,REORDER NOW,1,401.2361538461538,33.12240201922483
Electra Cruiser Lux 1 Ladies' - 2018,Cruisers Bicycles,Electra,3874.2,10,0.09500000000000001,429.99,6,MONITOR,0,387.41999999999996,29.065304578060395
Electra Cruiser Lux 3i - 2018,Cruisers Bicycles,Electra,3455.5299999999997,7,0.07250000000000001,529.99,4,MONITOR,0,493.6471428571428,29.16470595019911
Electra Cruiser Lux 3i Ladies' - 2018,Cruisers Bicycles,Electra,1854.96,4,0.125,529.99,2,MONITOR,0,463.74,26.929010967221572
Electra Cruiser Lux 7D - 2018,Cruisers Bicycles,Electra,1823.96,4,0.05000000000000001,479.99,3,MONITOR,0,455.99,29.44950625161768
Electra Cruiser Lux 7D Ladies' - 2018,Cruisers Bicycles,Electra,767.98,2,0.2,479.99,2,CONSIDER DROPPING,0,383.99,24.600748816376097
Electra Cruiser Lux Fat Tire 1 Ladies - 2017,Cruisers Bicycles,Electra,14747.73,27,0.09444444444444446,599.99,18,REORDER NOW,1,546.2122222222222,33.13758858450506
Electra Cruiser Lux Fat Tire 7D - 2018,Cruisers Bicycles,Electra,1811.17,3,0.060000000000000005,639.99,2,MONITOR,0,603.7233333333334,28.875858103704736
Electra Cyclosaurus 1 (16-inch) - Boy's - 2018,Children Bicycles,Electra,2001.92,8,0.1,279.99,5,MONITOR,0,250.24,28.507773850085584
Electra Daydreamer 3i Ladies' - 2018,Cruisers Bicycles,Electra,4949.9400000000005,6,0.1,899.99,4,MONITOR,0,824.9900000000001,28.44730290768222
Electra Delivery 3i - 2016/2017/2018,Cruisers Bicycles,Electra,4953.54,6,0.14250000000000002,959.99,4,MONITOR,0,825.59,27.172562106327124
Electra Girl's Hawaii 1 (16-inch) - 2015/2016,Children Bicycles,Electra,34728.65,145,0.10946808510638299,269.99,94,MONITOR,1,239.50793103448277,54.852770810820964
Electra Girl's Hawaii 1 (16-inch) - 2015/2016,Cruisers Bicycles,Electra,29785.16,124,0.1116279069767442,269.99,86,MONITOR,1,240.20290322580644,52.25022855369096
Electra Girl's Hawaii 1 (20-inch) - 2015/2016,Children Bicycles,Electra,41011.46,154,0.1105,299.99,100,MONITOR,1,266.3081818181818,56.91053695543824
"Electra Girl's Hawaii 1 16"" - 2017",Children Bicycles,Electra,12785.53,47,0.09161290322580647,299.99,31,REORDER NOW,1,272.0325531914894,36.62671170511836
"Electra Girl's Hawaii 1 16"" - 2017",Cruisers Bicycles,Electra,7301.7300000000005,27,0.1088888888888889,299.99,18,MONITOR,0,270.43444444444447,32.16814605395061
Electra Glam Punk 3i Ladies' - 2017,Cruisers Bicycles,Electra,27647.62,38,0.09476190476190477,799.99,21,REORDER NOW,1,727.568947368421,34.87503381746345
Electra Heartchya 1 (20-inch) - Girl's - 2018,Children Bicycles,Electra,1929.53,7,0.13,319.99,4,MONITOR,0,275.64714285714285,27.329834524606927
Electra Koa 3i Ladies' - 2018,Cruisers Bicycles,Electra,8819.89,11,0.10833333333333334,899.9900000000001,6,MONITOR,1,801.8081818181818,29.021392396433278
Electra Loft Go! 8i - 2018,Electric Bikes,Electra,7643.969999999999,3,0.09000000000000001,2799.99,3,REORDER NOW,1,2547.99,28.668544780884254
Electra Morningstar 3i Ladies' - 2018,Cruisers Bicycles,Electra,2009.97,3,0.10666666666666667,749.9900000000001,3,MONITOR,0,669.99,27.762898901600902
Electra Moto 1 - 2016,Cruisers Bicycles,Electra,65061.43,137,0.10153846153846154,529.99,91,MONITOR,1,474.9009489051095,56.45642644199277
Electra Moto 3i (20-inch) - Boy's - 2017,Children Bicycles,Electra,9680.69,31,0.10700000000000001,349.99,20,MONITOR,1,312.2803225806452,32.941551490597895
Electra Moto 3i - 2018,Cruisers Bicycles,Electra,2771.15,5,0.12333333333333334,639.99,3,MONITOR,0,554.23,27.317703575082074
Electra Queen of Hearts 3i - 2018,Cruisers Bicycles,Electra,4162.4400000000005,6,0.07750000000000001,749.99,4,MONITOR,0,693.7400000000001,29.06560320410827
Electra Relic 3i - 2018,Cruisers Bicycles,Electra,4844.9400000000005,6,0.05000000000000001,849.9900000000001,3,MONITOR,0,807.4900000000001,29.667015674478414
Electra Savannah 3i (20-inch) - Girl's - 2017,Children Bicycles,Electra,10258.17,33,0.11045454545454546,349.99,22,MONITOR,1,310.8536363636364,33.42494801504451
Electra Soft Serve 1 (16-inch) - Girl's - 2018,Children Bicycles,Electra,223.99,1,0.2,279.99,1,CONSIDER DROPPING,0,223.99,24.288854468414293
"Electra Starship 1 16"" - 2018",Children Bicycles,Electra,1212.35,5,0.12333333333333334,279.99,3,MONITOR,0,242.46999999999997,27.205470561836265
Electra Straight 8 1 (16-inch) - Boy's - 2018,Children Bicycles,Electra,265.99,1,0.05,279.99,1,MONITOR,0,265.99,28.7918784526049
Electra Straight 8 1 (20-inch) - Boy's - 2018,Children Bicycles,Electra,362.69,1,0.07,389.99,1,MONITOR,0,362.69,28.198840816205667
Electra Straight 8 3i (20-inch) - Boy's - 2017,Children Bicycles,Electra,8638.5,20,0.11083333333333334,489.99,12,MONITOR,1,431.925,30.569696021074655
Electra Straight 8 3i - 2018,Cruisers Bicycles,Electra,3121.26,4,0.12333333333333334,909.9900000000001,3,MONITOR,0,780.315,27.34291136329576
Electra Sugar Skulls 1 (20-inch) - Girl's - 2017,Children Bicycles,Electra,9095.66,34,0.10666666666666667,299.99,24,MONITOR,1,267.51941176470586,34.00033864172048
Electra Super Moto 8i - 2018,Cruisers Bicycles,Electra,6443.92,8,0.10500000000000001,899.99,4,MONITOR,0,805.49,28.404868905327184
"Electra Superbolt 1 20"" - 2018",Children Bicycles,Electra,607.98,2,0.05,319.99,1,MONITOR,0,303.99,28.816501603875068
"Electra Superbolt 3i 20"" - 2018",Children Bicycles,Electra,351.49,1,0.05,369.99,1,MONITOR,0,351.49,28.7980344204215
Electra Sweet Ride 3i (20-inch) - Girls' - 2018,Children Bicycles,Electra,1701.95,5,0.10000000000000002,369.99,3,MONITOR,0,340.39,27.940721577543957
Electra Tiger Shark 1 (20-inch) - Boys' - 2018,Children Bicycles,Electra,1804.7399999999998,6,0.060000000000000005,319.99,4,MONITOR,0,300.78999999999996,29.420849691579633
Electra Tiger Shark 3i (20-inch) - Boys' - 2018,Children Bicycles,Electra,332.99,1,0.1,369.99,1,MONITOR,0,332.99,27.296702427385167
Electra Tiger Shark 3i - 2018,Cruisers Bicycles,Electra,4103.95,5,0.085,899.99,4,MONITOR,0,820.79,28.836391946124728
Electra Townie 3i EQ (20-inch) - Boys' - 2017,Children Bicycles,Electra,17125.11,39,0.105,489.99000000000007,28,MONITOR,1,439.10538461538465,35.719365110231934
Electra Townie 7D (20-inch) - Boys' - 2017,Children Bicycles,Electra,12079.800000000001,40,0.10730769230769231,339.99,26,MONITOR,1,301.995,34.7414193746721
Electra Townie Balloon 3i EQ - 2017/2018,Comfort Bicycles,Electra,674.99,1,0.1,749.99,1,MONITOR,0,674.99,27.32132629865157
Electra Townie Balloon 3i EQ - 2017/2018,Cruisers Bicycles,Electra,3172.45,5,0.14250000000000002,749.99,4,MONITOR,0,634.49,27.044324296754397
Electra Townie Balloon 3i EQ Ladies' - 2018,Comfort Bicycles,Electra,5447.92,8,0.15333333333333335,799.9900000000001,6,CONSIDER DROPPING,0,680.99,27.4286118256901
Electra Townie Balloon 3i EQ Ladies' - 2018,Cruisers Bicycles,Electra,4359.9400000000005,6,0.10250000000000001,799.99,4,MONITOR,0,726.6566666666668,28.329823129766496
Electra Townie Balloon 7i EQ - 2018,Comfort Bicycles,Electra,4013.95,5,0.11750000000000001,899.99,4,MONITOR,0,802.79,27.85491198000199
Electra Townie Balloon 7i EQ - 2018,Cruisers Bicycles,Electra,2483.9700000000003,3,0.085,899.99,2,MONITOR,0,827.9900000000001,28.174299450453383
Electra Townie Balloon 7i EQ Ladies' - 2017/2018,Comfort Bicycles,Electra,5039.9400000000005,6,0.07500000000000001,899.99,4,MONITOR,0,839.9900000000001,29.203782873804958
Electra Townie Balloon 7i EQ Ladies' - 2017/2018,Cruisers Bicycles,Electra,2456.9700000000003,3,0.085,899.99,2,MONITOR,0,818.9900000000001,28.17235546061656
Electra Townie Balloon 8D EQ - 2016/2017/2018,Comfort Bicycles,Electra,2092.4700000000003,3,0.07,749.99,2,MONITOR,0,697.4900000000001,28.59611159781947
Electra Townie Balloon 8D EQ - 2016/2017/2018,Cruisers Bicycles,Electra,2474.96,4,0.16666666666666666,749.9900000000001,3,CONSIDER DROPPING,0,618.74,25.996378006572147
Electra Townie Balloon 8D EQ Ladies' - 2016/2017/2018,Comfort Bicycles,Electra,3749.94,6,0.16666666666666666,749.9900000000001,3,CONSIDER DROPPING,0,624.99,26.08817608665178
Electra Townie Balloon 8D EQ Ladies' - 2016/2017/2018,Cruisers Bicycles,Electra,674.99,1,0.1,749.99,1,MONITOR,0,674.99,27.32132629865157
Electra Townie Commute 27D - 2018,Comfort Bicycles,Electra,836.99,1,0.07,899.99,1,MONITOR,0,836.99,28.23299023767249
Electra Townie Commute 27D - 2018,Cruisers Bicycles,Electra,809.99,1,0.1,899.99,1,MONITOR,0,809.99,27.331046247835673
Electra Townie Commute 27D Ladies - 2018,Comfort Bicycles,Electra,5912.93,7,0.060000000000000005,899.99,4,MONITOR,0,844.7042857142858,29.716637825199264
Electra Townie Commute 27D Ladies - 2018,Cruisers Bicycles,Electra,3329.96,4,0.07500000000000001,899.99,2,MONITOR,0,832.49,28.535210412010876
Electra Townie Commute 8D - 2018,Comfort Bicycles,Electra,1874.97,3,0.15000000000000002,749.99,2,CONSIDER DROPPING,0,624.99,26.180451679689526
Electra Townie Commute 8D - 2018,Cruisers Bicycles,Electra,1897.47,3,0.135,749.99,2,MONITOR,0,632.49,26.63207167122021
Electra Townie Commute 8D Ladies' - 2018,Comfort Bicycles,Electra,1259.98,2,0.1,699.99,1,MONITOR,0,629.99,27.363445358453127
Electra Townie Commute 8D Ladies' - 2018,Cruisers Bicycles,Electra,5389.91,9,0.14,699.99,5,MONITOR,0,598.8788888888889,27.551707854798607
Electra Townie Commute Go! - 2018,Cruisers Bicycles,Electra,16649.94,6,0.07,2999.99,5,REORDER NOW,1,2774.99,30.462425776365308
Electra Townie Commute Go! - 2018,Electric Bikes,Electra,15749.939999999999,6,0.13,2999.99,5,MONITOR,1,2624.99,28.597626115137942
Electra Townie Commute Go! Ladies' - 2018,Cruisers Bicycles,Electra,29849.89,11,0.1,2999.9900000000002,7,MONITOR,1,2713.6263636363637,31.05827175317346
Electra Townie Commute Go! Ladies' - 2018,Electric Bikes,Electra,5399.98,2,0.1,2999.99,1,MONITOR,0,2699.99,27.66152380009903
Electra Townie Go! 8i - 2017/2018,Comfort Bicycles,Electra,4835.98,2,0.07,2599.99,1,MONITOR,0,2417.99,28.52091601239654
Electra Townie Go! 8i - 2017/2018,Cruisers Bicycles,Electra,2417.99,1,0.07,2599.99,1,MONITOR,0,2417.99,28.346821642561903
Electra Townie Go! 8i - 2017/2018,Electric Bikes,Electra,2469.99,1,0.05,2599.99,1,MONITOR,0,2469.99,28.95056562298838
Electra Townie Go! 8i Ladies' - 2018,Cruisers Bicycles,Electra,14143.939999999999,6,0.09333333333333334,2599.99,6,REORDER NOW,1,2357.3233333333333,29.854721992386146
Electra Townie Original 1 - 2018,Comfort Bicycles,Electra,2069.95,5,0.08750000000000001,449.99,4,MONITOR,0,413.98999999999995,28.614944711750866
Electra Townie Original 1 Ladies' - 2018,Comfort Bicycles,Electra,1574.96,4,0.13333333333333333,449.99,3,MONITOR,0,393.74,26.931578345344775
Electra Townie Original 21D - 2016,Comfort Bicycles,Electra,67621.14,136,0.09707865168539326,549.99,89,REORDER NOW,1,497.21426470588233,56.22906434861952
Electra Townie Original 21D - 2016,Cruisers Bicycles,Electra,75771.97,153,0.10028846153846155,549.99,104,MONITOR,1,495.2416339869281,60.81053583584976
Electra Townie Original 21D - 2018,Comfort Bicycles,Electra,447.99,1,0.2,559.99,1,CONSIDER DROPPING,0,447.99,24.30498238409755
Electra Townie Original 21D - 2018,Cruisers Bicycles,Electra,520.79,1,0.07,559.99,1,MONITOR,0,520.79,28.21022395669461
Electra Townie Original 21D EQ - 2017/2018,Comfort Bicycles,Electra,5439.91,9,0.11000000000000001,679.99,5,MONITOR,0,604.4344444444445,28.455307835977905
Electra Townie Original 21D EQ - 2017/2018,Cruisers Bicycles,Electra,4256.73,7,0.10500000000000001,679.99,4,MONITOR,0,608.1042857142857,28.24739204861619
Electra Townie Original 21D EQ Ladies' - 2018,Comfort Bicycles,Electra,1087.98,2,0.2,679.99,1,CONSIDER DROPPING,0,543.99,24.35106142319633
Electra Townie Original 21D EQ Ladies' - 2018,Cruisers Bicycles,Electra,3875.94,6,0.05,679.99,4,MONITOR,0,645.99,29.869975311950885
Electra Townie Original 21D Ladies' - 2018,Comfort Bicycles,Electra,1063.98,2,0.05,559.99,1,MONITOR,0,531.99,28.849333432230267
Electra Townie Original 21D Ladies' - 2018,Cruisers Bicycles,Electra,1573.57,3,0.060000000000000005,559.99,2,MONITOR,0,524.5233333333333,28.858750993140713
Electra Townie Original 3i EQ - 2017/2018,Cruisers Bicycles,Electra,1834.77,3,0.07333333333333335,659.99,3,MONITOR,0,611.59,28.75028456754864
Electra Townie Original 3i EQ Ladies' - 2018,Cruisers Bicycles,Electra,1811.17,3,0.060000000000000005,639.99,2,MONITOR,0,603.7233333333334,28.875858103704736
Electra Townie Original 7D - 2015/2016,Comfort Bicycles,Electra,66568.52,148,0.10142857142857144,499.99000000000007,98,MONITOR,1,449.7872972972973,58.477323967090555
Electra Townie Original 7D - 2017,Comfort Bicycles,Electra,17502.41,39,0.08560000000000001,489.99,25,REORDER NOW,1,448.7797435897436,35.510348750029095
Electra Townie Original 7D - 2017,Cruisers Bicycles,Electra,11661.73,27,0.12050000000000001,489.98999999999995,20,MONITOR,1,431.91592592592593,32.679185624906644
Electra Townie Original 7D EQ - 2016,Comfort Bicycles,Electra,72424.66,134,0.0968888888888889,599.99,90,REORDER NOW,1,540.4825373134329,56.85333613712958
Electra Townie Original 7D EQ - 2016,Cruisers Bicycles,Electra,82744.44,156,0.1125263157894737,599.99,95,MONITOR,1,530.4130769230769,58.4908699692384
Electra Townie Original 7D EQ - 2018,Cruisers Bicycles,Electra,1019.98,2,0.15000000000000002,599.99,2,CONSIDER DROPPING,0,509.99,26.11889272151976
Electra Townie Original 7D EQ - Women's - 2016,Cruisers Bicycles,Electra,66508.75,125,0.11357142857142859,599.99,84,MONITOR,1,532.07,54.29055301712129
Electra Townie Original 7D EQ Ladies' - 2017/2018,Cruisers Bicycles,Electra,3683.9300000000003,7,0.11800000000000002,599.99,5,MONITOR,0,526.2757142857143,28.088877936953416
"Electra Treasure 1 20"" - 2018",Children Bicycles,Electra,2835.1,10,0.10333333333333333,319.99,6,MONITOR,0,283.51,28.740489769192212
"Electra Treasure 3i 20"" - 2018",Children Bicycles,Electra,295.99,1,0.2,369.99,1,CONSIDER DROPPING,0,295.99,24.29403844131248
"Electra Under-The-Sea 1 16"" - 2018",Children Bicycles,Electra,1987.92,8,0.12000000000000002,279.99,5,MONITOR,0,248.49,27.90676585535538
Electra Water Lily 1 (16-inch) - Girl's - 2018,Children Bicycles,Electra,1315.95,5,0.06666666666666667,279.99,3,MONITOR,0,263.19,28.91292972283977
Electra White Water 3i - 2018,Cruisers Bicycles,Electra,3412.45,5,0.1,749.99,4,MONITOR,0,682.49,28.33660420641503
Haro Downtown 16 - 2017,Children Bicycles,Haro,8464.2,30,0.13095238095238096,329.99,21,MONITOR,1,282.14000000000004,32.408120512657646
Haro Flightline One ST - 2017,Mountain Bikes,Haro,10430.69,31,0.11200000000000002,379.99,20,MONITOR,1,336.47387096774196,32.84555120828737
Haro Flightline Two 26 Plus - 2017,Mountain Bikes,Haro,14008.220000000001,28,0.09333333333333334,549.99,18,REORDER NOW,1,500.29357142857145,33.11767747620033
Haro SR 1.1 - 2017,Mountain Bikes,Haro,10740.380000000001,22,0.08687500000000001,539.99,16,REORDER NOW,1,488.19909090909096,32.530689680806624
Haro SR 1.2 - 2017,Mountain Bikes,Haro,39862.88,52,0.1228125,869.99,32,MONITOR,1,766.5938461538461,37.913010082325336
Haro SR 1.3 - 2017,Mountain Bikes,Haro,34121.73,27,0.09947368421052633,1409.99,19,REORDER NOW,1,1263.7677777777778,34.65435937160442
Haro Shift R3 - 2017,Mountain Bikes,Haro,46980.85,35,0.09166666666666667,1469.99,24,REORDER NOW,1,1342.31,37.17805806120336
Haro Shredder 20 - 2017,Children Bicycles,Haro,7183.71,39,0.12153846153846154,209.98999999999998,26,MONITOR,0,184.1976923076923,33.96197966070599
Haro Shredder 20 Girls - 2017,Children Bicycles,Haro,7364.31,39,0.1008,209.99,25,MONITOR,0,188.82846153846154,34.324409366152196
Haro Shredder Pro 20 - 2017,Children Bicycles,Haro,6227.22,28,0.10631578947368421,249.99,19,MONITOR,0,222.4007142857143,32.440701993594665
Heller Bloodhound Trail - 2018,Mountain Bikes,Heller,8992.54,4,0.135,2599.0,2,MONITOR,1,2248.135,27.142914040536304
Heller Shagamaw Frame - 2016,Mountain Bikes,Heller,151160.74,129,0.11230769230769232,1320.99,91,MONITOR,1,1171.7886821705426,62.332467429927405
Heller Shagamaw GX1 - 2018,Mountain Bikes,Heller,11305.65,5,0.1125,2599.0,4,MONITOR,1,2261.13,28.52991163530379
Pure Cycles Vine 8-Speed - 2016,Cruisers Bicycles,Pure Cycles,51531.48,133,0.09604395604395605,429.0,91,REORDER NOW,1,387.45473684210526,55.64711029969096
Pure Cycles Western 3-Speed - Women's - 2015/2016,Cruisers Bicycles,Pure Cycles,54270.63,134,0.10112359550561797,449.0,89,MONITOR,1,405.0047014925373,55.14648433933207
Pure Cycles William 3-Speed - 2016,Cruisers Bicycles,Pure Cycles,43674.23,109,0.10679487179487179,449.0,78,MONITOR,1,400.68100917431195,51.21340923928811
Ritchey Timberwolf Frameset - 2016,Mountain Bikes,Ritchey,78898.82,118,0.1077922077922078,749.99,77,MONITOR,1,668.6340677966102,53.4469191076108
Strider Classic 12 Balance Bike - 2018,Children Bicycles,Strider,857.5899999999999,11,0.1385714285714286,89.99,7,MONITOR,0,77.96272727272726,27.81369420913914
Strider Sport 16 - 2018,Children Bicycles,Strider,1157.45,5,0.07333333333333335,249.99,3,MONITOR,0,231.49,28.701517782501394
Strider Strider 20 Sport - 2018,Children Bicycles,Strider,2305.41,9,0.11666666666666668,289.99,6,MONITOR,0,256.15666666666664,28.302352288574955
Sun Bicycles Atlas X-Type - 2017,Cruisers Bicycles,Sun Bicycles,15620.41,41,0.08653846153846154,416.99,26,REORDER NOW,1,380.9856097560976,35.61941888501373
Sun Bicycles Biscayne Tandem 7 - 2017,Cruisers Bicycles,Sun Bicycles,18289.670000000002,33,0.105,619.99,22,MONITOR,1,554.2324242424243,34.166849355511566
Sun Bicycles Biscayne Tandem CB - 2017,Cruisers Bicycles,Sun Bicycles,22899.93,39,0.09518518518518519,647.99,27,REORDER NOW,1,587.1776923076923,36.15686714822582
Sun Bicycles Boardwalk (24-inch Wheels) - 2017,Cruisers Bicycles,Sun Bicycles,7447.23,21,0.13,402.99,16,MONITOR,0,354.63,30.999834120394492
Sun Bicycles Brickell Tandem 7 - 2017,Cruisers Bicycles,Sun Bicycles,19544.71,29,0.10250000000000001,749.99,20,MONITOR,1,673.9555172413793,33.78675721764236
Sun Bicycles Brickell Tandem CB - 2017,Cruisers Bicycles,Sun Bicycles,13045.25,19,0.10142857142857144,761.99,14,MONITOR,1,686.5921052631579,31.714577764909524
Sun Bicycles Cruz 3 - 2017,Comfort Bicycles,Sun Bicycles,17036.58,42,0.1,449.99,27,MONITOR,1,405.6328571428572,35.590263710828594
Sun Bicycles Cruz 3 - 2017,Cruisers Bicycles,Sun Bicycles,10673.74,26,0.09578947368421054,449.98999999999995,19,REORDER NOW,1,410.52846153846156,33.07663923354635
Sun Bicycles Cruz 3 - Women's - 2017,Comfort Bicycles,Sun Bicycles,12622.18,32,0.12047619047619049,449.99000000000007,21,MONITOR,1,394.443125,33.02177922182134
Sun Bicycles Cruz 7 - 2017,Comfort Bicycles,Sun Bicycles,9361.4,25,0.096875,416.99,16,REORDER NOW,1,374.45599999999996,32.131403639874044
Sun Bicycles Cruz 7 - 2017,Cruisers Bicycles,Sun Bicycles,10996.0,29,0.08888888888888889,416.99,18,REORDER NOW,1,379.17241379310343,33.03413210337554
Sun Bicycles Cruz 7 - Women's - 2017,Comfort Bicycles,Sun Bicycles,12968.35,35,0.1135,416.98999999999995,20,MONITOR,1,370.5242857142857,32.98326177307654
Sun Bicycles Drifter 7 - 2017,Comfort Bicycles,Sun Bicycles,10644.35,25,0.09312500000000001,470.99,16,REORDER NOW,1,425.774,32.33627555695366
Sun Bicycles Drifter 7 - Women's - 2017,Comfort Bicycles,Sun Bicycles,10027.35,24,0.11722222222222224,470.99,18,MONITOR,1,417.80625000000003,32.114389667988995
Sun Bicycles ElectroLite - 2017,Electric Bikes,Sun Bicycles,47049.26,34,0.11041666666666668,1559.99,24,MONITOR,1,1383.8017647058823,36.62048355545288
Sun Bicycles Lil Bolt Type-R - 2017,Cruisers Bicycles,Sun Bicycles,18681.88,60,0.10314285714285715,346.99,35,MONITOR,1,311.36466666666666,37.79625715904705
Sun Bicycles Lil Kitt'n - 2017,Children Bicycles,Sun Bicycles,2328.46,24,0.11812500000000001,109.99,16,MONITOR,0,97.01916666666666,30.987534607171348
Sun Bicycles Revolutions 24 - 2017,Cruisers Bicycles,Sun Bicycles,8011.5599999999995,36,0.12125000000000001,250.99,24,MONITOR,1,222.54333333333332,33.48478384979094
Sun Bicycles Revolutions 24 - Girl's - 2017,Cruisers Bicycles,Sun Bicycles,5436.41,25,0.1325,250.99,16,MONITOR,0,217.4564,30.780055837295357
Sun Bicycles Spider 3i - 2017,Mountain Bikes,Sun Bicycles,19491.94,26,0.10647058823529412,832.99,17,MONITOR,1,749.6899999999999,32.84565833226508
Sun Bicycles Streamway - 2017,Comfort Bicycles,Sun Bicycles,12816.08,30,0.1165,481.98999999999995,20,MONITOR,1,427.2026666666667,32.8822983903931
Sun Bicycles Streamway 3 - 2017,Comfort Bicycles,Sun Bicycles,19363.77,39,0.10107142857142858,551.99,28,MONITOR,1,496.5069230769231,35.998404930426034
Sun Bicycles Streamway 7 - 2017,Comfort Bicycles,Sun Bicycles,17637.65,37,0.1056,533.99,25,MONITOR,1,476.6932432432433,34.92008597912287
Surly Big Dummy Frameset - 2017,Mountain Bikes,Surly,27679.69,31,0.1004761904761905,999.99,21,MONITOR,1,892.8932258064516,34.70591427396329
Surly Big Fat Dummy Frameset - 2018,Mountain Bikes,Surly,2928.0299999999997,7,0.10400000000000001,469.98999999999995,5,MONITOR,0,418.28999999999996,28.454453421484782
Surly ECR - 2018,Road Bikes,Surly,5127.3,3,0.125,1899.0,2,MONITOR,0,1709.1000000000001,27.16461821546688
Surly ECR 27.5 - 2018,Mountain Bikes,Surly,13103.1,8,0.13,1899.0,5,MONITOR,1,1637.8875,28.40705463144566
Surly ECR Frameset - 2018,Road Bikes,Surly,712.49,1,0.05,749.99,1,MONITOR,0,712.49,28.824026284536036
Surly Ice Cream Truck Frameset - 2016,Mountain Bikes,Surly,70371.43,167,0.103,469.99,110,MONITOR,1,421.3858083832335,61.97671647120628
Surly Ice Cream Truck Frameset - 2017,Mountain Bikes,Surly,27269.7,30,0.09136363636363637,999.9899999999999,22,REORDER NOW,1,908.99,35.22249904439318
Surly Karate Monkey 27.5+ Frameset - 2017,Mountain Bikes,Surly,87474.60999999999,39,0.10192307692307694,2499.99,26,MONITOR,1,2242.9387179487176,40.33135577654613
Surly Krampus - 2018,Mountain Bikes,Surly,11767.15,9,0.12571428571428572,1499.0,7,MONITOR,1,1307.461111111111,28.984892708341963
Surly Ogre Frameset - 2017,Road Bikes,Surly,14909.78,22,0.09411764705882353,749.99,17,REORDER NOW,1,677.7172727272728,32.88633277234852
Surly Pack Rat - 2018,Road Bikes,Surly,9335.08,8,0.135,1349.0,4,MONITOR,1,1166.885,27.71303133705399
Surly Pack Rat Frameset - 2018,Mountain Bikes,Surly,2143.15,5,0.09000000000000001,469.99,3,MONITOR,0,428.63,28.272487811470086
Surly Steamroller - 2017,Road Bikes,Surly,27690.010000000002,35,0.095,875.99,26,REORDER NOW,1,791.143142857143,36.23457938800078
Surly Straggler - 2016,Cyclocross Bicycles,Surly,203507.62,147,0.1075257731958763,1549.0,97,MONITOR,1,1384.4055782312926,67.88124429554536
Surly Straggler - 2018,Cyclocross Bicycles,Surly,6428.35,5,0.15,1549.0,3,MONITOR,0,1285.67,26.781020598460675
Surly Straggler - 2018,Road Bikes,Surly,5344.05,4,0.11666666666666668,1549.0,3,MONITOR,0,1336.0125,27.702951406606406
Surly Straggler 650b - 2016,Cyclocross Bicycles,Surly,226765.39,151,0.11103092783505156,1680.99,97,MONITOR,1,1501.7575496688742,69.45064034181911
Surly Straggler 650b - 2018,Cyclocross Bicycles,Surly,2943.1,2,0.05,1549.0,1,MONITOR,0,1471.55,28.984629364903135
Surly Straggler 650b - 2018,Road Bikes,Surly,5359.54,4,0.135,1549.0,2,MONITOR,0,1339.885,26.881339408048483
Surly Troll Frameset - 2017,Mountain Bikes,Surly,34477.41,46,0.1,832.99,29,MONITOR,1,749.5089130434783,37.39145145131
Surly Troll Frameset - 2018,Mountain Bikes,Surly,11074.949999999999,5,0.10666666666666667,2499.99,3,MONITOR,1,2214.99,28.415574049415227
Surly Wednesday - 2017,Mountain Bikes,Surly,26438.09,18,0.11153846153846156,1632.99,13,MONITOR,1,1468.7827777777777,32.10283322763264
Surly Wednesday Frameset - 2016,Mountain Bikes,Surly,112288.74,126,0.1055813953488372,999.99,86,MONITOR,1,891.1804761904763,58.37185060702296
Surly Wednesday Frameset - 2017,Mountain Bikes,Surly,14367.55,35,0.12772727272727272,469.99,22,MONITOR,1,410.50142857142856,33.202640010034386
Trek 1120 - 2018,Road Bikes,Trek,8749.96,4,0.125,2499.99,2,MONITOR,1,2187.49,27.425448371846823
Trek 820 - 2018,Mountain Bikes,Trek,1379.3600000000001,4,0.10666666666666667,379.99,3,MONITOR,0,344.84000000000003,27.717495218971354
Trek Boone 5 Disc - 2018,Cyclocross Bicycles,Trek,6038.98,2,0.085,3299.99,2,MONITOR,0,3019.49,28.430258832297735
Trek Boone 7 - 2017,Cyclocross Bicycles,Trek,127609.57999999999,42,0.1312,3499.99,25,MONITOR,1,3038.323333333333,42.07002354414527
Trek Boone 7 Disc - 2018,Cyclocross Bicycles,Trek,28239.92,8,0.11400000000000002,3999.9899999999993,5,MONITOR,1,3529.99,29.976899973734206
Trek Boone Race Shop Limited - 2017,Cyclocross Bicycles,Trek,91244.70999999999,29,0.10666666666666667,3499.99,21,MONITOR,1,3146.369310344827,39.09685750148352
Trek Boy's Kickster - 2015/2017,Children Bicycles,Trek,3236.76,24,0.10466666666666667,149.99000000000004,15,MONITOR,0,134.865,31.18395459254721
Trek Conduit+ - 2016,Electric Bikes,Trek,389248.55,145,0.10415841584158417,2999.99,101,MONITOR,1,2684.4727586206895,82.44645115159082
Trek Conduit+ - 2018,Electric Bikes,Trek,17807.93,7,0.0925,2799.99,4,REORDER NOW,1,2543.9900000000002,29.598073347754355
Trek Crockett 5 Disc - 2018,Cyclocross Bicycles,Trek,4553.97,3,0.135,1799.99,2,MONITOR,0,1517.99,26.823338671276336
Trek Crockett 7 Disc - 2018,Cyclocross Bicycles,Trek,13679.949999999999,5,0.09000000000000001,2999.99,3,REORDER NOW,1,2735.99,29.10313306885668
Trek CrossRip 1 - 2018,Road Bikes,Trek,4089.55,5,0.15666666666666668,959.9900000000001,3,CONSIDER DROPPING,0,817.9100000000001,26.41262787881781
Trek CrossRip 2 - 2018,Road Bikes,Trek,1208.99,1,0.07,1299.99,1,MONITOR,0,1208.99,28.259774097646474
Trek CrossRip+ - 2018,Electric Bikes,Trek,15524.96,4,0.1375,4499.99,4,MONITOR,1,3881.24,28.0837003670963
Trek Domane AL 2 - 2018,Road Bikes,Trek,2624.96,4,0.125,749.99,2,MONITOR,0,656.24,26.984450677382764
Trek Domane AL 2 Women's - 2018,Road Bikes,Trek,3382.45,5,0.10500000000000001,749.99,4,MONITOR,0,676.49,28.18444421770745
Trek Domane AL 3 - 2018,Road Bikes,Trek,2585.17,3,0.060000000000000005,919.99,2,MONITOR,0,861.7233333333334,28.93158581236028
Trek Domane AL 3 Women's - 2018,Road Bikes,Trek,6219.12,8,0.154,919.99,5,CONSIDER DROPPING,0,777.39,27.19141066267232
Trek Domane ALR 3 - 2018,Road Bikes,Trek,1022.99,1,0.07,1099.99,1,MONITOR,0,1022.99,28.24638216765948
Trek Domane ALR 4 Disc - 2018,Road Bikes,Trek,3921.4700000000003,3,0.135,1549.99,2,MONITOR,0,1307.1566666666668,26.777798909358207
Trek Domane ALR 4 Disc Women's - 2018,Road Bikes,Trek,9749.43,7,0.0975,1549.99,4,REORDER NOW,1,1392.7757142857142,28.867864381086832
Trek Domane ALR 5 Disc - 2018,Road Bikes,Trek,11141.93,7,0.11000000000000001,1799.99,4,MONITOR,1,1591.7042857142858,28.593123856930298
Trek Domane ALR 5 Gravel - 2018,Road Bikes,Trek,11681.93,7,0.07250000000000001,1799.99,4,REORDER NOW,1,1668.847142857143,29.757003653666718
Trek Domane ALR Disc Frameset - 2018,Road Bikes,Trek,19999.93,7,0.1,3199.99,4,MONITOR,1,2857.132857142857,29.530896522654803
Trek Domane ALR Frameset - 2018,Road Bikes,Trek,13439.949999999999,5,0.16666666666666666,3199.99,3,MONITOR,1,2687.99,26.785853159196048
Trek Domane S 5 Disc - 2017,Road Bikes,Trek,59513.73999999999,26,0.11611111111111111,2599.99,18,MONITOR,1,2288.99,35.71072445395074
Trek Domane S 6 - 2017,Road Bikes,Trek,93527.60999999999,39,0.11615384615384615,2699.99,26,MONITOR,1,2398.143846153846,40.340246421188915
Trek Domane SL 5 - 2018,Road Bikes,Trek,10031.95,5,0.10666666666666667,2199.99,3,MONITOR,1,2006.39,28.340478442015065
Trek Domane SL 5 Disc - 2018,Road Bikes,Trek,11074.949999999999,5,0.13,2499.99,4,MONITOR,1,2214.99,27.988301322142505
Trek Domane SL 5 Disc Women's - 2018,Road Bikes,Trek,6249.969999999999,3,0.15000000000000002,2499.99,2,CONSIDER DROPPING,0,2083.3233333333333,26.495450032878136
Trek Domane SL 5 Women's - 2018,Road Bikes,Trek,1759.99,1,0.2,2199.99,1,CONSIDER DROPPING,0,1759.99,24.399445890242337
Trek Domane SL 6 - 2017,Road Bikes,Trek,113644.62999999999,37,0.12272727272727274,3499.99,22,MONITOR,1,3071.476486486486,40.500552400748404
Trek Domane SL 6 - 2018,Road Bikes,Trek,23679.92,8,0.07500000000000001,3199.99,4,REORDER NOW,1,2959.99,30.545854417454926
Trek Domane SL 6 Disc - 2018,Road Bikes,Trek,17324.94,6,0.1625,3499.99,4,MONITOR,1,2887.49,27.46329824955857
Trek Domane SL 7 Women's - 2018,Road Bikes,Trek,31399.93,7,0.094,4999.99,5,REORDER NOW,1,4485.704285714286,30.8044195042621
Trek Domane SL 8 Disc - 2018,Road Bikes,Trek,14739.97,3,0.10666666666666667,5499.990000000001,3,MONITOR,1,4913.323333333333,28.679454109850273
Trek Domane SL Disc Frameset - 2017,Road Bikes,Trek,68511.76,24,0.11411764705882355,3199.99,17,MONITOR,1,2854.6566666666663,36.1456551558111
Trek Domane SL Frameset - 2018,Road Bikes,Trek,17549.97,3,0.10000000000000002,6499.990000000001,3,MONITOR,1,5849.990000000001,29.08177305212685
Trek Domane SL Frameset Women's - 2018,Road Bikes,Trek,6174.99,1,0.05,6499.99,1,MONITOR,0,6174.99,29.217324228374387
Trek Domane SLR 6 - 2018,Road Bikes,Trek,8499.98,2,0.15000000000000002,4999.99,2,MONITOR,1,4249.99,26.657449905942798
Trek Domane SLR 6 Disc - 2017,Road Bikes,Trek,211584.56999999998,43,0.10750000000000001,5499.99,28,MONITOR,1,4920.571395348837,49.64537303296251
Trek Domane SLR 6 Disc - 2018,Road Bikes,Trek,10449.98,2,0.05,5499.99,1,REORDER NOW,1,5224.99,29.525121899208166
Trek Domane SLR 8 Disc - 2018,Road Bikes,Trek,27374.96,4,0.10000000000000002,7499.990000000001,3,MONITOR,1,6843.74,29.78916863386275
Trek Domane SLR 9 Disc - 2018,Road Bikes,Trek,54359.95,5,0.09000000000000001,11999.99,3,REORDER NOW,1,10871.99,32.032077756333855
Trek Domane SLR Disc Frameset - 2018,Road Bikes,Trek,2559.99,1,0.2,3199.99,1,CONSIDER DROPPING,0,2559.99,24.45704558911111
Trek Domane SLR Frameset - 2018,Road Bikes,Trek,8927.97,3,0.07,3199.99,2,REORDER NOW,1,2975.99,29.088265024841352
Trek Dual Sport+ - 2018,Electric Bikes,Trek,15455.939999999999,6,0.08,2799.99,3,REORDER NOW,1,2575.99,29.531003680349126
Trek Emonda ALR 6 - 2018,Road Bikes,Trek,15110.929999999998,7,0.06200000000000001,2299.99,5,REORDER NOW,1,2158.7042857142856,30.59161763567027
Trek Emonda S 4 - 2017,Road Bikes,Trek,57359.58,42,0.09892857142857144,1499.99,28,REORDER NOW,1,1365.7042857142858,38.7983746625557
Trek Emonda S 5 - 2017,Road Bikes,Trek,41079.770000000004,23,0.10600000000000001,1999.99,15,MONITOR,1,1786.0769565217392,33.86863706790722
Trek Emonda SL 6 Disc - 2018,Road Bikes,Trek,10799.96,4,0.1,2999.99,2,MONITOR,1,2699.99,28.323047600198052
Trek Emonda SL 7 - 2018,Road Bikes,Trek,12059.97,3,0.10666666666666667,4499.99,3,MONITOR,1,4019.99,28.486495118639883
Trek Emonda SLR 6 - 2018,Road Bikes,Trek,20789.949999999997,5,0.07750000000000001,4499.99,4,REORDER NOW,1,4157.99,30.262777665280183
Trek Emonda SLR 8 - 2018,Road Bikes,Trek,24179.96,4,0.07,6499.99,2,REORDER NOW,1,6044.99,30.1864025637783
Trek Farley Alloy Frameset - 2017,Mountain Bikes,Trek,11937.72,28,0.09136363636363637,469.99,22,REORDER NOW,1,426.34714285714284,34.11860225556559
Trek Farley Carbon Frameset - 2018,Mountain Bikes,Trek,7239.92,8,0.09833333333333334,999.9900000000001,6,MONITOR,0,904.99,29.207635151156154
Trek Fuel EX 5 27.5 Plus - 2017,Mountain Bikes,Trek,67849.65999999999,34,0.12625,2299.99,24,MONITOR,1,1995.5782352941173,37.64310452589045
Trek Fuel EX 5 Plus - 2018,Mountain Bikes,Trek,12824.939999999999,6,0.05000000000000001,2249.99,3,REORDER NOW,1,2137.49,30.24157267069444
Trek Fuel EX 7 29 - 2018,Mountain Bikes,Trek,7999.96,4,0.2,2499.99,2,MONITOR,1,1999.99,25.12144865415734
Trek Fuel EX 8 29 - 2016,Mountain Bikes,Trek,368472.56999999995,143,0.11257731958762887,2899.99,97,MONITOR,1,2576.7312587412584,79.6071122086708
Trek Fuel EX 8 29 - 2018,Mountain Bikes,Trek,14431.949999999999,5,0.10500000000000001,3199.99,4,MONITOR,1,2886.39,28.980004058520603
Trek Fuel EX 8 29 XT - 2018,Mountain Bikes,Trek,29503.899999999998,10,0.078,3199.99,5,REORDER NOW,1,2950.39,31.1479060579544
Trek Fuel EX 9.8 27.5 Plus - 2017,Mountain Bikes,Trek,159052.66999999998,33,0.0912,5299.99,25,REORDER NOW,1,4819.777878787878,45.53391418852499
Trek Fuel EX 9.8 29 - 2017,Mountain Bikes,Trek,147449.66999999998,33,0.10714285714285714,4999.99,21,MONITOR,1,4468.171818181818,43.129307750862196
Trek Girl's Kickster - 2017,Children Bicycles,Trek,3193.26,24,0.10933333333333334,149.99000000000004,15,MONITOR,0,133.0525,31.040822608921214
Trek Kickster - 2018,Children Bicycles,Trek,1151.92,8,0.12000000000000002,159.99,5,MONITOR,0,143.99,27.846574170037506
Trek Kids' Neko - 2018,Mountain Bikes,Trek,2213.65,5,0.05666666666666667,469.99,3,MONITOR,0,442.73,29.27756378493289
Trek Lift+ - 2018,Electric Bikes,Trek,12403.949999999999,5,0.10666666666666667,2799.99,3,MONITOR,1,2480.79,28.51126154916098
Trek Lift+ Lowstep - 2018,Electric Bikes,Trek,4479.98,2,0.2,2799.99,1,CONSIDER DROPPING,0,2239.99,24.595284146399933
Trek MT 201 - 2018,Children Bicycles,Trek,224.99,1,0.1,249.99,1,MONITOR,0,224.99,27.288926468037882
Trek Madone 9 Frameset - 2018,Road Bikes,Trek,2975.99,1,0.07,3199.99,1,MONITOR,0,2975.99,28.386997432522875
Trek Madone 9.2 - 2017,Road Bikes,Trek,175899.61,39,0.10076923076923078,4999.99,26,MONITOR,1,4510.24641025641,46.732537876750726
Trek Marlin 5 - 2018,Mountain Bikes,Trek,3498.52,8,0.09833333333333334,489.99,6,MONITOR,0,437.315,28.938255759471616
Trek Marlin 6 - 2018,Mountain Bikes,Trek,1467.37,3,0.135,579.99,2,MONITOR,0,489.1233333333333,26.601104633115884
Trek Marlin 7 - 2017/2018,Mountain Bikes,Trek,2069.9700000000003,3,0.085,749.99,2,MONITOR,0,689.9900000000001,28.144491606288792
Trek Neko+ - 2018,Electric Bikes,Trek,7727.969999999999,3,0.085,2799.99,2,REORDER NOW,1,2575.99,28.551865476538197
Trek Powerfly 5 - 2018,Electric Bikes,Trek,3254.99,1,0.07,3499.99,1,MONITOR,0,3254.99,28.407085327503363
Trek Powerfly 5 FS - 2018,Electric Bikes,Trek,4274.99,1,0.05,4499.99,1,MONITOR,0,4274.99,29.08052494356105
Trek Powerfly 5 Women's - 2018,Electric Bikes,Trek,16204.949999999999,5,0.07333333333333335,3499.99,3,REORDER NOW,1,3240.99,29.784932118411245
Trek Powerfly 7 FS - 2018,Electric Bikes,Trek,36499.92,8,0.08,4999.99,5,REORDER NOW,1,4562.49,31.591616864554307
Trek Powerfly 8 FS Plus - 2017,Electric Bikes,Trek,188249.59,41,0.0876,4999.99,25,REORDER NOW,1,4591.453414634147,47.744081438394595
Trek Precaliber 12 Boy's - 2018,Children Bicycles,Trek,1061.94,6,0.10500000000000001,199.99,4,MONITOR,0,176.99,28.01736837117998
Trek Precaliber 12 Boys - 2017,Children Bicycles,Trek,4972.0,30,0.12210526315789476,189.99,19,MONITOR,0,165.73333333333332,31.87664241555077
Trek Precaliber 12 Girls - 2017,Children Bicycles,Trek,5198.09,31,0.11652173913043479,189.99,23,MONITOR,0,167.68032258064517,33.15133562218021
Trek Precaliber 16 Boy's - 2018,Children Bicycles,Trek,199.49,1,0.05,209.99,1,MONITOR,0,199.49,28.787090477636433
Trek Precaliber 16 Boys - 2017,Children Bicycles,Trek,5113.2300000000005,27,0.09888888888888889,209.99,18,MONITOR,0,189.3788888888889,32.31057487773272
Trek Precaliber 16 Girl's - 2018,Children Bicycles,Trek,1511.92,8,0.1,209.99,5,MONITOR,0,188.99,28.472494034528463
Trek Precaliber 16 Girls - 2017,Children Bicycles,Trek,4577.75,25,0.12388888888888888,209.99,18,MONITOR,0,183.11,31.5220205192949
Trek Precaliber 20 6-speed Boy's - 2018,Children Bicycles,Trek,492.98,2,0.15000000000000002,289.99,2,CONSIDER DROPPING,0,246.49,26.080948919889956
Trek Precaliber 20 6-speed Girl's - 2018,Children Bicycles,Trek,269.69,1,0.07,289.99,1,MONITOR,0,269.69,28.19214485121217
Trek Precaliber 20 Boy's - 2018,Children Bicycles,Trek,781.96,4,0.15000000000000002,229.99,2,CONSIDER DROPPING,0,195.49,26.10175537111383
Trek Precaliber 20 Girl's - 2018,Children Bicycles,Trek,1011.95,5,0.11666666666666668,229.99,3,MONITOR,0,202.39000000000001,27.391041837269636
Trek Precaliber 24 (21-Speed) - Girls - 2017,Children Bicycles,Trek,12179.61,39,0.11142857142857143,349.99000000000007,28,MONITOR,1,312.29769230769233,35.17043382893038
Trek Precaliber 24 (7-Speed) - Boys - 2018,Children Bicycles,Trek,1129.56,4,0.12333333333333334,319.99,3,MONITOR,0,282.39,27.199509712999586
Trek Precaliber 24 21-speed Boy's - 2018,Children Bicycles,Trek,640.0799999999999,2,0.135,369.99,2,MONITOR,0,320.03999999999996,26.541540064519452
Trek Precaliber 24 21-speed Girl's - 2018,Children Bicycles,Trek,665.98,2,0.1,369.99,1,MONITOR,0,332.99,27.320677582043057
Trek Precaliber 24 7-speed Girl's - 2018,Children Bicycles,Trek,255.99,1,0.2,319.99,1,CONSIDER DROPPING,0,255.99,24.29115845636904
Trek Procal AL Frameset - 2018,Mountain Bikes,Trek,4049.9700000000003,3,0.1,1499.99,2,MONITOR,0,1349.99,27.83705086098901
Trek Procaliber 6 - 2018,Mountain Bikes,Trek,4553.97,3,0.15666666666666668,1799.99,3,CONSIDER DROPPING,0,1517.99,26.446065944003607
Trek Procaliber Frameset - 2018,Mountain Bikes,Trek,4139.97,3,0.085,1499.99,2,MONITOR,0,1379.99,28.293530827111745
Trek Remedy 27.5 C Frameset - 2018,Mountain Bikes,Trek,4199.97,3,0.07500000000000001,1499.99,2,MONITOR,0,1399.99,28.597850804526903
Trek Remedy 29 Carbon Frameset - 2016,Mountain Bikes,Trek,203380.75,125,0.09847058823529413,1799.99,85,REORDER NOW,1,1627.046,64.8710379793912
Trek Remedy 7 27.5 - 2018,Mountain Bikes,Trek,14069.949999999999,5,0.060000000000000005,2999.99,4,REORDER NOW,1,2813.99,30.30394019478248
Trek Remedy 9.8 - 2017,Mountain Bikes,Trek,105469.78,22,0.095,5299.99,14,REORDER NOW,1,4794.080909090909,38.56196627787667
Trek Remedy 9.8 27.5 - 2018,Mountain Bikes,Trek,11999.97,3,0.2,4999.99,2,MONITOR,1,3999.99,25.409447868497452
Trek Session DH 27.5 Carbon Frameset - 2017,Mountain Bikes,Trek,6781.9400000000005,16,0.10181818181818182,469.99,11,MONITOR,0,423.87125000000003,30.433751672637165
Trek Silque SLR 7 Women's - 2017,Road Bikes,Trek,163079.69999999998,30,0.10200000000000001,5999.99,20,MONITOR,1,5435.99,44.136222469058026
Trek Silque SLR 8 Women's - 2017,Road Bikes,Trek,174524.71,29,0.07473684210526317,6499.99,19,REORDER NOW,1,6018.093448275862,45.50542634511049
Trek Slash 8 27.5 - 2016,Mountain Bikes,Trek,555558.46,154,0.09920792079207923,3999.99,101,REORDER NOW,1,3607.522467532467,94.56921692169217
Trek Stache 5 - 2017,Mountain Bikes,Trek,33719.75,25,0.10187500000000001,1499.99,16,MONITOR,1,1348.79,33.735195671049304
Trek Stache 5 - 2018,Mountain Bikes,Trek,10063.93,7,0.0975,1599.99,4,REORDER NOW,1,1437.7042857142858,28.89050826270462
Trek Stache Carbon Frameset - 2018,Mountain Bikes,Trek,4149.15,5,0.10500000000000001,919.99,4,MONITOR,0,829.8299999999999,28.239646329110812
Trek Super Commuter+ 7 - 2018,Electric Bikes,Trek,25847.92,8,0.12200000000000003,3599.9899999999993,5,MONITOR,1,3230.99,29.564676874116568
Trek Super Commuter+ 8S - 2018,Electric Bikes,Trek,37299.92,8,0.0675,4999.99,4,REORDER NOW,1,4662.49,31.751489290695805
Trek Superfly 20 - 2018,Children Bicycles,Trek,359.99,1,0.1,399.99,1,MONITOR,0,359.99,27.29864641722199
Trek Superfly 24 - 2017/2018,Children Bicycles,Trek,465.49,1,0.05,489.99,1,MONITOR,0,465.49,28.806242377510305
Trek Ticket S Frame - 2018,Mountain Bikes,Trek,5527.16,4,0.060000000000000005,1469.99,4,MONITOR,0,1381.79,29.688862530408507
Trek Verve+ - 2018,Electric Bikes,Trek,9544.95,5,0.15,2299.99,3,MONITOR,1,1908.9900000000002,27.005414625328704
Trek Verve+ Lowstep - 2018,Electric Bikes,Trek,9429.95,5,0.17500000000000002,2299.99,4,MONITOR,1,1885.9900000000002,26.519861941343585
Trek X-Caliber 7 - 2018,Mountain Bikes,Trek,3983.55,5,0.12333333333333334,919.9900000000001,3,MONITOR,0,796.71,27.404995918717702
Trek X-Caliber 8 - 2017,Mountain Bikes,Trek,30939.65,35,0.11666666666666668,999.9900000000001,24,MONITOR,1,883.99,35.273097699336134
Trek X-Caliber 8 - 2018,Mountain Bikes,Trek,2499.9700000000003,3,0.15000000000000002,999.99,2,CONSIDER DROPPING,0,833.3233333333334,26.22545144443076
Trek X-Caliber Frameset - 2018,Mountain Bikes,Trek,5219.96,4,0.10666666666666667,1499.99,3,MONITOR,0,1304.99,27.99401697331562
Trek XM700+ - 2018,Electric Bikes,Trek,24149.92,8,0.14,3499.9899999999993,5,MONITOR,1,3018.74,28.9024215132676
Trek XM700+ Lowstep - 2018,Electric Bikes,Trek,20964.93,7,0.135,3499.99,4,MONITOR,1,2994.9900000000002,28.550376159415258
